

================================================================
== Vitis HLS Report for 'cpu_Pipeline_PROGRAM_LOOP'
================================================================
* Date:           Sun Jan 25 20:17:45 2026

* Version:        2025.2 (Build 6295257 on Nov 12 2025)
* Project:        hls_riscv_csim_phase1
* Solution:       hls (Vivado IP Flow Target)
* Product family: azynq
* Target device:  xa7z010-clg225-1I


================================================================
== Performance Estimates
================================================================
+ Timing: 
    * Summary: 
    +--------+----------+----------+------------+
    |  Clock |  Target  | Estimated| Uncertainty|
    +--------+----------+----------+------------+
    |ap_clk  |  10.00 ns|  6.274 ns|     2.70 ns|
    +--------+----------+----------+------------+

+ Latency: 
    * Summary: 
    +---------+---------+----------+----------+-----+-----+---------+
    |  Latency (cycles) |  Latency (absolute) |  Interval | Pipeline|
    |   min   |   max   |    min   |    max   | min | max |   Type  |
    +---------+---------+----------+----------+-----+-----+---------+
    |        ?|        ?|         ?|         ?|    ?|    ?|       no|
    +---------+---------+----------+----------+-----+-----+---------+

    + Detail: 
        * Instance: 
        N/A

        * Loop: 
        +----------------+---------+---------+----------+-----------+-----------+------+----------+
        |                |  Latency (cycles) | Iteration|  Initiation Interval  | Trip |          |
        |    Loop Name   |   min   |   max   |  Latency |  achieved |   target  | Count| Pipelined|
        +----------------+---------+---------+----------+-----------+-----------+------+----------+
        |- PROGRAM_LOOP  |        ?|        ?|         5|          5|          1|     ?|       yes|
        +----------------+---------+---------+----------+-----------+-----------+------+----------+

============================================================
+ Verbose Summary: Synthesis Manager
============================================================
InlineROM: 1
ExposeGlobal: 0
============================================================
+ Verbose Summary: CDFG Model
============================================================
IsTopModel: 0
ResetActiveHigh: 1
IsCombinational: 0
IsDatapathOnly: 0
HasWiredReturn: 1
HasMFsm: 2
HasVarLatency: 1
IsPipeline: 0
IsRtlPipelined: 0
IsInstanceOverlapped: 0
IsDontTouch: 0
HasImplIP: 0
IsGatedGlobalClock: 0

+ Individual pipeline summary: 
  * Pipeline-0: initiation interval (II) = 5, depth = 5


============================================================
+ Verbose Summary: Schedule
============================================================
* Number of FSM states : 8
* Pipeline : 1
  Pipeline-0 : II = 5, D = 5, States = { 2 3 4 5 6 }
* Dataflow Pipeline: 0

* FSM state transitions: 
1 --> 2 
2 --> 3 
3 --> 4 
4 --> 5 
5 --> 6 
6 --> 7 8 2 
7 --> 
8 --> 7 

* FSM state operations: 

State 1 <SV = 0> <Delay = 1.70>
ST_1 : Operation 9 [1/1] (0.00ns)   --->   "%pc = alloca i32 1" [../RISCV-RV32I-H1/riscv32i.cc:26]   --->   Operation 9 'alloca' 'pc' <Predicate = true> <Delay = 0.00>
ST_1 : Operation 10 [1/1] (0.00ns)   --->   "%specinterface_ln0 = specinterface void @_ssdm_op_SpecInterface, i32 %mem, void @empty, i32 0, i32 0, void @empty_0, i32 4294967295, i32 0, void @empty_0, void @empty_0, void @empty_0, i32 0, i32 0, i32 0, i32 0, void @empty_0, void @empty_0, i32 4294967295, i32 0, i32 0, i32 0"   --->   Operation 10 'specinterface' 'specinterface_ln0' <Predicate = true> <Delay = 0.00>
ST_1 : Operation 11 [1/1] (1.70ns)   --->   "%store_ln26 = store i32 0, i32 %pc" [../RISCV-RV32I-H1/riscv32i.cc:26]   --->   Operation 11 'store' 'store_ln26' <Predicate = true> <Delay = 1.70>
ST_1 : Operation 12 [1/1] (0.00ns)   --->   "%br_ln0 = br void %while.body"   --->   Operation 12 'br' 'br_ln0' <Predicate = true> <Delay = 0.00>

State 2 <SV = 1> <Delay = 0.00>
ST_2 : Operation 13 [1/1] (0.00ns)   --->   "%pc_1 = load i32 %pc" [../RISCV-RV32I-H1/riscv32i.cc:234]   --->   Operation 13 'load' 'pc_1' <Predicate = true> <Delay = 0.00>
ST_2 : Operation 14 [1/1] (0.00ns)   --->   "%lshr_ln = partselect i10 @_ssdm_op_PartSelect.i10.i32.i32.i32, i32 %pc_1, i32 2, i32 11" [../RISCV-RV32I-H1/riscv32i.cc:34]   --->   Operation 14 'partselect' 'lshr_ln' <Predicate = true> <Delay = 0.00>
ST_2 : Operation 15 [1/1] (0.00ns)   --->   "%zext_ln34 = zext i10 %lshr_ln" [../RISCV-RV32I-H1/riscv32i.cc:34]   --->   Operation 15 'zext' 'zext_ln34' <Predicate = true> <Delay = 0.00>
ST_2 : Operation 16 [1/1] (0.00ns)   --->   "%mem_addr = getelementptr i32 %mem, i64 0, i64 %zext_ln34" [../RISCV-RV32I-H1/riscv32i.cc:34]   --->   Operation 16 'getelementptr' 'mem_addr' <Predicate = true> <Delay = 0.00>
ST_2 : Operation 17 [2/2] (0.00ns)   --->   "%insn = load i10 %mem_addr" [../RISCV-RV32I-H1/riscv32i.cc:34]   --->   Operation 17 'load' 'insn' <Predicate = true> <Delay = 0.00> <CoreInst = "RAM">   --->   Core 81 'RAM' <Latency = 1> <II = 1> <Delay = 3.25> <Storage> <Opcode : 'load' 'store'> <Ports = 2> <Width = 32> <Depth = 1024> <RAM>

State 3 <SV = 2> <Delay = 4.13>
ST_3 : Operation 18 [1/1] (0.00ns)   --->   "%specpipeline_ln26 = specpipeline void @_ssdm_op_SpecPipeline, i32 4294967295, i32 0, i32 0, i32 0, i32 4294967295, void @empty_0" [../RISCV-RV32I-H1/riscv32i.cc:26]   --->   Operation 18 'specpipeline' 'specpipeline_ln26' <Predicate = true> <Delay = 0.00>
ST_3 : Operation 19 [1/1] (0.00ns)   --->   "%specloopname_ln29 = specloopname void @_ssdm_op_SpecLoopName, void @empty_3" [../RISCV-RV32I-H1/riscv32i.cc:29]   --->   Operation 19 'specloopname' 'specloopname_ln29' <Predicate = true> <Delay = 0.00>
ST_3 : Operation 20 [1/2] ( I:0.00ns O:0.00ns )   --->   "%insn = load i10 %mem_addr" [../RISCV-RV32I-H1/riscv32i.cc:34]   --->   Operation 20 'load' 'insn' <Predicate = true> <Delay = 0.00> <CoreInst = "RAM">   --->   Core 81 'RAM' <Latency = 1> <II = 1> <Delay = 3.25> <Storage> <Opcode : 'load' 'store'> <Ports = 2> <Width = 32> <Depth = 1024> <RAM>
ST_3 : Operation 21 [1/1] (0.00ns)   --->   "%opcode = trunc i32 %insn" [../RISCV-RV32I-H1/riscv32i.cc:41]   --->   Operation 21 'trunc' 'opcode' <Predicate = true> <Delay = 0.00>
ST_3 : Operation 22 [1/1] (0.00ns)   --->   "%rd = partselect i5 @_ssdm_op_PartSelect.i5.i32.i32, i32 %insn, i32 7" [../RISCV-RV32I-H1/riscv32i.cc:42]   --->   Operation 22 'partselect' 'rd' <Predicate = true> <Delay = 0.00>
ST_3 : Operation 23 [1/1] (0.00ns)   --->   "%rs1 = partselect i5 @_ssdm_op_PartSelect.i5.i32.i32, i32 %insn, i32 15" [../RISCV-RV32I-H1/riscv32i.cc:43]   --->   Operation 23 'partselect' 'rs1' <Predicate = true> <Delay = 0.00>
ST_3 : Operation 24 [1/1] (0.00ns)   --->   "%rs2 = partselect i5 @_ssdm_op_PartSelect.i5.i32.i32, i32 %insn, i32 20" [../RISCV-RV32I-H1/riscv32i.cc:44]   --->   Operation 24 'partselect' 'rs2' <Predicate = true> <Delay = 0.00>
ST_3 : Operation 25 [1/1] (0.00ns)   --->   "%func3 = partselect i3 @_ssdm_op_PartSelect.i3.i32.i32, i32 %insn, i32 12" [../RISCV-RV32I-H1/riscv32i.cc:45]   --->   Operation 25 'partselect' 'func3' <Predicate = true> <Delay = 0.00>
ST_3 : Operation 26 [1/1] (0.00ns)   --->   "%func7 = partselect i7 @_ssdm_op_PartSelect.i7.i32.i32, i32 %insn, i32 25" [../RISCV-RV32I-H1/riscv32i.cc:46]   --->   Operation 26 'partselect' 'func7' <Predicate = true> <Delay = 0.00>
ST_3 : Operation 27 [1/1] (1.87ns)   --->   "%icmp_ln47 = icmp_eq  i7 %opcode, i7 51" [../RISCV-RV32I-H1/riscv32i.cc:47]   --->   Operation 27 'icmp' 'icmp_ln47' <Predicate = true> <Delay = 1.87> <CoreInst = "Cmp">   --->   Core 9 'Cmp' <Latency = 0> <II = 1> <Delay = 1.87> <FuncUnit> <Opcode : 'seteq' 'setne' 'setle' 'setge' 'setlt' 'setgt'> <InPorts = 2> <OutPorts = 1>
ST_3 : Operation 28 [1/1] (0.99ns)   --->   "%func7_1 = select i1 %icmp_ln47, i7 %func7, i7 0" [../RISCV-RV32I-H1/riscv32i.cc:47]   --->   Operation 28 'select' 'func7_1' <Predicate = true> <Delay = 0.99> <CoreInst = "Sel">   --->   Core 73 'Sel' <Latency = 0> <II = 1> <Delay = 0.99> <FuncUnit> <Opcode : 'select'> <InPorts = 3> <OutPorts = 1>
ST_3 : Operation 29 [1/1] (0.00ns)   --->   "%funcx = bitconcatenate i10 @_ssdm_op_BitConcatenate.i10.i7.i3, i7 %func7_1, i3 %func3" [../RISCV-RV32I-H1/riscv32i.cc:48]   --->   Operation 29 'bitconcatenate' 'funcx' <Predicate = true> <Delay = 0.00>
ST_3 : Operation 30 [1/1] (0.00ns)   --->   "%immI = partselect i12 @_ssdm_op_PartSelect.i12.i32.i32.i32, i32 %insn, i32 20, i32 31" [../RISCV-RV32I-H1/riscv32i.cc:53]   --->   Operation 30 'partselect' 'immI' <Predicate = true> <Delay = 0.00>
ST_3 : Operation 31 [1/1] (0.00ns)   --->   "%sext_ln53 = sext i12 %immI" [../RISCV-RV32I-H1/riscv32i.cc:53]   --->   Operation 31 'sext' 'sext_ln53' <Predicate = true> <Delay = 0.00>
ST_3 : Operation 32 [1/1] (0.00ns)   --->   "%tmp = bitselect i1 @_ssdm_op_BitSelect.i1.i32.i32, i32 %insn, i32 7" [../RISCV-RV32I-H1/riscv32i.cc:55]   --->   Operation 32 'bitselect' 'tmp' <Predicate = true> <Delay = 0.00>
ST_3 : Operation 33 [1/1] (0.00ns)   --->   "%tmp_1 = partselect i4 @_ssdm_op_PartSelect.i4.i32.i32, i32 %insn, i32 8" [../RISCV-RV32I-H1/riscv32i.cc:55]   --->   Operation 33 'partselect' 'tmp_1' <Predicate = true> <Delay = 0.00>
ST_3 : Operation 34 [1/1] (0.00ns)   --->   "%tmp_2 = partselect i7 @_ssdm_op_PartSelect.i7.i32.i32.i32, i32 %insn, i32 25, i32 31" [../RISCV-RV32I-H1/riscv32i.cc:55]   --->   Operation 34 'partselect' 'tmp_2' <Predicate = true> <Delay = 0.00>
ST_3 : Operation 35 [1/1] (0.00ns)   --->   "%tmp_3 = partselect i5 @_ssdm_op_PartSelect.i5.i32.i32.i32, i32 %insn, i32 7, i32 11" [../RISCV-RV32I-H1/riscv32i.cc:55]   --->   Operation 35 'partselect' 'tmp_3' <Predicate = true> <Delay = 0.00>
ST_3 : Operation 36 [1/1] (0.00ns)   --->   "%immS = bitconcatenate i12 @_ssdm_op_BitConcatenate.i12.i7.i5, i7 %tmp_2, i5 %tmp_3" [../RISCV-RV32I-H1/riscv32i.cc:55]   --->   Operation 36 'bitconcatenate' 'immS' <Predicate = true> <Delay = 0.00>
ST_3 : Operation 37 [1/1] (0.00ns)   --->   "%sext_ln55 = sext i12 %immS" [../RISCV-RV32I-H1/riscv32i.cc:55]   --->   Operation 37 'sext' 'sext_ln55' <Predicate = true> <Delay = 0.00>
ST_3 : Operation 38 [1/1] (0.00ns)   --->   "%tmp_5 = partselect i6 @_ssdm_op_PartSelect.i6.i32.i32.i32, i32 %insn, i32 25, i32 30" [../RISCV-RV32I-H1/riscv32i.cc:57]   --->   Operation 38 'partselect' 'tmp_5' <Predicate = true> <Delay = 0.00>
ST_3 : Operation 39 [1/1] (0.00ns)   --->   "%tmp_4 = bitselect i1 @_ssdm_op_BitSelect.i1.i32.i32, i32 %insn, i32 31" [../RISCV-RV32I-H1/riscv32i.cc:57]   --->   Operation 39 'bitselect' 'tmp_4' <Predicate = true> <Delay = 0.00>
ST_3 : Operation 40 [1/1] (0.00ns)   --->   "%imm_2 = bitconcatenate i13 @_ssdm_op_BitConcatenate.i13.i1.i1.i6.i4.i1, i1 %tmp_4, i1 %tmp, i6 %tmp_5, i4 %tmp_1, i1 0" [../RISCV-RV32I-H1/riscv32i.cc:57]   --->   Operation 40 'bitconcatenate' 'imm_2' <Predicate = true> <Delay = 0.00>
ST_3 : Operation 41 [1/1] (0.00ns)   --->   "%sext_ln57 = sext i13 %imm_2" [../RISCV-RV32I-H1/riscv32i.cc:57]   --->   Operation 41 'sext' 'sext_ln57' <Predicate = true> <Delay = 0.00>
ST_3 : Operation 42 [1/1] (0.00ns)   --->   "%tmp_s = partselect i10 @_ssdm_op_PartSelect.i10.i32.i32, i32 %insn, i32 21" [../RISCV-RV32I-H1/riscv32i.cc:59]   --->   Operation 42 'partselect' 'tmp_s' <Predicate = true> <Delay = 0.00>
ST_3 : Operation 43 [1/1] (0.00ns)   --->   "%tmp_6 = bitselect i1 @_ssdm_op_BitSelect.i1.i32.i32, i32 %insn, i32 20" [../RISCV-RV32I-H1/riscv32i.cc:59]   --->   Operation 43 'bitselect' 'tmp_6' <Predicate = true> <Delay = 0.00>
ST_3 : Operation 44 [1/1] (0.00ns)   --->   "%tmp_9 = partselect i8 @_ssdm_op_PartSelect.i8.i32.i32, i32 %insn, i32 12" [../RISCV-RV32I-H1/riscv32i.cc:59]   --->   Operation 44 'partselect' 'tmp_9' <Predicate = true> <Delay = 0.00>
ST_3 : Operation 45 [1/1] (0.00ns)   --->   "%imm_3 = bitconcatenate i32 @_ssdm_op_BitConcatenate.i32.i1.i1.i1.i1.i1.i1.i1.i1.i1.i1.i1.i1.i8.i1.i10.i1, i1 %tmp_4, i1 %tmp_4, i1 %tmp_4, i1 %tmp_4, i1 %tmp_4, i1 %tmp_4, i1 %tmp_4, i1 %tmp_4, i1 %tmp_4, i1 %tmp_4, i1 %tmp_4, i1 %tmp_4, i8 %tmp_9, i1 %tmp_6, i10 %tmp_s, i1 0" [../RISCV-RV32I-H1/riscv32i.cc:59]   --->   Operation 45 'bitconcatenate' 'imm_3' <Predicate = true> <Delay = 0.00>
ST_3 : Operation 46 [1/1] (0.00ns)   --->   "%tmp_7 = partselect i20 @_ssdm_op_PartSelect.i20.i32.i32, i32 %insn, i32 12" [../RISCV-RV32I-H1/riscv32i.cc:64]   --->   Operation 46 'partselect' 'tmp_7' <Predicate = true> <Delay = 0.00>
ST_3 : Operation 47 [1/1] (0.00ns)   --->   "%imm_4 = bitconcatenate i32 @_ssdm_op_BitConcatenate.i32.i20.i12, i20 %tmp_7, i12 0" [../RISCV-RV32I-H1/riscv32i.cc:64]   --->   Operation 47 'bitconcatenate' 'imm_4' <Predicate = true> <Delay = 0.00>
ST_3 : Operation 48 [1/1] (2.06ns)   --->   "%switch_ln67 = switch i7 %opcode, void %sw.epilog, i7 19, void %sw.bb, i7 3, void %sw.bb, i7 103, void %sw.bb, i7 35, void %sw.bb69, i7 99, void %sw.bb70, i7 111, void %sw.bb71, i7 55, void %sw.bb72, i7 23, void %sw.bb72" [../RISCV-RV32I-H1/riscv32i.cc:67]   --->   Operation 48 'switch' 'switch_ln67' <Predicate = true> <Delay = 2.06>
ST_3 : Operation 49 [1/1] (2.06ns)   --->   "%br_ln89 = br void %sw.epilog" [../RISCV-RV32I-H1/riscv32i.cc:89]   --->   Operation 49 'br' 'br_ln89' <Predicate = (opcode == 23) | (opcode == 55)> <Delay = 2.06>
ST_3 : Operation 50 [1/1] (2.06ns)   --->   "%br_ln84 = br void %sw.epilog" [../RISCV-RV32I-H1/riscv32i.cc:84]   --->   Operation 50 'br' 'br_ln84' <Predicate = (opcode == 111)> <Delay = 2.06>
ST_3 : Operation 51 [1/1] (2.06ns)   --->   "%br_ln80 = br void %sw.epilog" [../RISCV-RV32I-H1/riscv32i.cc:80]   --->   Operation 51 'br' 'br_ln80' <Predicate = (opcode == 99)> <Delay = 2.06>
ST_3 : Operation 52 [1/1] (2.06ns)   --->   "%br_ln76 = br void %sw.epilog" [../RISCV-RV32I-H1/riscv32i.cc:76]   --->   Operation 52 'br' 'br_ln76' <Predicate = (opcode == 35)> <Delay = 2.06>
ST_3 : Operation 53 [1/1] (2.06ns)   --->   "%br_ln72 = br void %sw.epilog" [../RISCV-RV32I-H1/riscv32i.cc:72]   --->   Operation 53 'br' 'br_ln72' <Predicate = (opcode == 103) | (opcode == 3) | (opcode == 19)> <Delay = 2.06>
ST_3 : Operation 54 [1/1] (0.00ns)   --->   "%zext_ln94 = zext i5 %rs1" [../RISCV-RV32I-H1/riscv32i.cc:94]   --->   Operation 54 'zext' 'zext_ln94' <Predicate = true> <Delay = 0.00>
ST_3 : Operation 55 [1/1] (0.00ns)   --->   "%reg_file_addr = getelementptr i32 %reg_file, i64 0, i64 %zext_ln94" [../RISCV-RV32I-H1/riscv32i.cc:94]   --->   Operation 55 'getelementptr' 'reg_file_addr' <Predicate = true> <Delay = 0.00>
ST_3 : Operation 56 [2/2] (3.25ns)   --->   "%src1 = load i5 %reg_file_addr" [../RISCV-RV32I-H1/riscv32i.cc:94]   --->   Operation 56 'load' 'src1' <Predicate = true> <Delay = 3.25> <CoreInst = "RAM_1WnR">   --->   Core 82 'RAM_1WnR' <Latency = 1> <II = 1> <Delay = 3.25> <Storage> <Opcode : 'load' 'store'> <Ports = 17> <Width = 32> <Depth = 32> <RAM>
ST_3 : Operation 57 [1/1] (0.00ns)   --->   "%tmp_8 = partselect i2 @_ssdm_op_PartSelect.i2.i32.i32.i32, i32 %insn, i32 5, i32 6" [../RISCV-RV32I-H1/riscv32i.cc:95]   --->   Operation 57 'partselect' 'tmp_8' <Predicate = true> <Delay = 0.00>
ST_3 : Operation 58 [1/1] (0.00ns)   --->   "%trunc_ln95 = trunc i32 %insn" [../RISCV-RV32I-H1/riscv32i.cc:95]   --->   Operation 58 'trunc' 'trunc_ln95' <Predicate = true> <Delay = 0.00>
ST_3 : Operation 59 [1/1] (0.00ns)   --->   "%or_ln = bitconcatenate i7 @_ssdm_op_BitConcatenate.i7.i2.i1.i4, i2 %tmp_8, i1 1, i4 %trunc_ln95" [../RISCV-RV32I-H1/riscv32i.cc:95]   --->   Operation 59 'bitconcatenate' 'or_ln' <Predicate = true> <Delay = 0.00>
ST_3 : Operation 60 [1/1] (1.87ns)   --->   "%icmp_ln95 = icmp_eq  i7 %or_ln, i7 51" [../RISCV-RV32I-H1/riscv32i.cc:95]   --->   Operation 60 'icmp' 'icmp_ln95' <Predicate = true> <Delay = 1.87> <CoreInst = "Cmp">   --->   Core 9 'Cmp' <Latency = 0> <II = 1> <Delay = 1.87> <FuncUnit> <Opcode : 'seteq' 'setne' 'setle' 'setge' 'setlt' 'setgt'> <InPorts = 2> <OutPorts = 1>
ST_3 : Operation 61 [1/1] (0.00ns)   --->   "%zext_ln95 = zext i5 %rs2" [../RISCV-RV32I-H1/riscv32i.cc:95]   --->   Operation 61 'zext' 'zext_ln95' <Predicate = true> <Delay = 0.00>
ST_3 : Operation 62 [1/1] (0.00ns)   --->   "%reg_file_addr_1 = getelementptr i32 %reg_file, i64 0, i64 %zext_ln95" [../RISCV-RV32I-H1/riscv32i.cc:95]   --->   Operation 62 'getelementptr' 'reg_file_addr_1' <Predicate = (icmp_ln95)> <Delay = 0.00>
ST_3 : Operation 63 [2/2] (3.25ns)   --->   "%reg_file_load = load i5 %reg_file_addr_1" [../RISCV-RV32I-H1/riscv32i.cc:95]   --->   Operation 63 'load' 'reg_file_load' <Predicate = (icmp_ln95)> <Delay = 3.25> <CoreInst = "RAM_1WnR">   --->   Core 82 'RAM_1WnR' <Latency = 1> <II = 1> <Delay = 3.25> <Storage> <Opcode : 'load' 'store'> <Ports = 17> <Width = 32> <Depth = 32> <RAM>

State 4 <SV = 3> <Delay = 3.25>
ST_4 : Operation 64 [1/1] (0.00ns)   --->   "%imm_5 = phi i32 %imm_4, void %sw.bb72, i32 %imm_3, void %sw.bb71, i32 %sext_ln57, void %sw.bb70, i32 %sext_ln55, void %sw.bb69, i32 %sext_ln53, void %sw.bb, i32 0, void %while.body"   --->   Operation 64 'phi' 'imm_5' <Predicate = true> <Delay = 0.00>
ST_4 : Operation 65 [1/2] ( I:3.25ns O:3.25ns )   --->   "%src1 = load i5 %reg_file_addr" [../RISCV-RV32I-H1/riscv32i.cc:94]   --->   Operation 65 'load' 'src1' <Predicate = true> <Delay = 3.25> <CoreInst = "RAM_1WnR">   --->   Core 82 'RAM_1WnR' <Latency = 1> <II = 1> <Delay = 3.25> <Storage> <Opcode : 'load' 'store'> <Ports = 17> <Width = 32> <Depth = 32> <RAM>
ST_4 : Operation 66 [1/1] (1.58ns)   --->   "%br_ln95 = br i1 %icmp_ln95, void %sw.epilog._crit_edge, void" [../RISCV-RV32I-H1/riscv32i.cc:95]   --->   Operation 66 'br' 'br_ln95' <Predicate = true> <Delay = 1.58>
ST_4 : Operation 67 [1/2] ( I:3.25ns O:3.25ns )   --->   "%reg_file_load = load i5 %reg_file_addr_1" [../RISCV-RV32I-H1/riscv32i.cc:95]   --->   Operation 67 'load' 'reg_file_load' <Predicate = (icmp_ln95)> <Delay = 3.25> <CoreInst = "RAM_1WnR">   --->   Core 82 'RAM_1WnR' <Latency = 1> <II = 1> <Delay = 3.25> <Storage> <Opcode : 'load' 'store'> <Ports = 17> <Width = 32> <Depth = 32> <RAM>
ST_4 : Operation 68 [1/1] (1.58ns)   --->   "%br_ln95 = br void %sw.epilog._crit_edge" [../RISCV-RV32I-H1/riscv32i.cc:95]   --->   Operation 68 'br' 'br_ln95' <Predicate = (icmp_ln95)> <Delay = 1.58>

State 5 <SV = 4> <Delay = 6.04>
ST_5 : Operation 69 [1/1] (0.00ns)   --->   "%src2 = phi i32 %reg_file_load, void, i32 %imm_5, void %sw.epilog"   --->   Operation 69 'phi' 'src2' <Predicate = true> <Delay = 0.00>
ST_5 : Operation 70 [1/1] (2.55ns)   --->   "%addr = add i32 %src1, i32 %imm_5" [../RISCV-RV32I-H1/riscv32i.cc:99]   --->   Operation 70 'add' 'addr' <Predicate = true> <Delay = 2.55> <CoreInst = "Adder">   --->   Core 1 'Adder' <Latency = 0> <II = 1> <Delay = 2.55> <FuncUnit> <Opcode : 'add' 'sub'> <InPorts = 2> <OutPorts = 1>
ST_5 : Operation 71 [1/1] (0.00ns)   --->   "%trunc_ln99 = trunc i32 %addr" [../RISCV-RV32I-H1/riscv32i.cc:99]   --->   Operation 71 'trunc' 'trunc_ln99' <Predicate = true> <Delay = 0.00>
ST_5 : Operation 72 [1/1] (2.55ns)   --->   "%res_b = add i32 %imm_5, i32 %pc_1" [../RISCV-RV32I-H1/riscv32i.cc:104]   --->   Operation 72 'add' 'res_b' <Predicate = true> <Delay = 2.55> <CoreInst = "Adder">   --->   Core 1 'Adder' <Latency = 0> <II = 1> <Delay = 2.55> <FuncUnit> <Opcode : 'add' 'sub'> <InPorts = 2> <OutPorts = 1>
ST_5 : Operation 73 [1/1] (2.55ns)   --->   "%pc_2 = add i32 %pc_1, i32 4" [../RISCV-RV32I-H1/riscv32i.cc:105]   --->   Operation 73 'add' 'pc_2' <Predicate = true> <Delay = 2.55> <CoreInst = "Adder">   --->   Core 1 'Adder' <Latency = 0> <II = 1> <Delay = 2.55> <FuncUnit> <Opcode : 'add' 'sub'> <InPorts = 2> <OutPorts = 1>
ST_5 : Operation 74 [1/1] (0.00ns)   --->   "%imm12 = shl i32 %imm_5, i32 12" [../RISCV-RV32I-H1/riscv32i.cc:108]   --->   Operation 74 'shl' 'imm12' <Predicate = true> <Delay = 0.00>
ST_5 : Operation 75 [1/1] (3.02ns)   --->   "%switch_ln113 = switch i7 %opcode, void %cleanup.thread.exitStub, i7 23, void %sw.bb215, i7 51, void %sw.bb91, i7 19, void %sw.bb91, i7 3, void %sw.bb125, i7 35, void %sw.bb154, i7 99, void %sw.bb163, i7 111, void %sw.bb210, i7 103, void %sw.bb211, i7 55, void %sw.epilog221" [../RISCV-RV32I-H1/riscv32i.cc:113]   --->   Operation 75 'switch' 'switch_ln113' <Predicate = true> <Delay = 3.02>
ST_5 : Operation 76 [1/1] (3.02ns)   --->   "%br_ln227 = br void %sw.epilog221" [../RISCV-RV32I-H1/riscv32i.cc:227]   --->   Operation 76 'br' 'br_ln227' <Predicate = (opcode == 103)> <Delay = 3.02>
ST_5 : Operation 77 [1/1] (3.02ns)   --->   "%br_ln222 = br void %sw.epilog221" [../RISCV-RV32I-H1/riscv32i.cc:222]   --->   Operation 77 'br' 'br_ln222' <Predicate = (opcode == 111)> <Delay = 3.02>
ST_5 : Operation 78 [1/1] (3.02ns)   --->   "%switch_ln196 = switch i3 %func3, void %sw.epilog221, i3 0, void %sw.bb165, i3 1, void %sw.bb171, i3 4, void %sw.bb177, i3 5, void %sw.bb185, i3 6, void %sw.bb193, i3 7, void %sw.bb201" [../RISCV-RV32I-H1/riscv32i.cc:196]   --->   Operation 78 'switch' 'switch_ln196' <Predicate = (opcode == 99)> <Delay = 3.02>
ST_5 : Operation 79 [1/1] (2.55ns)   --->   "%icmp_ln213 = icmp_ult  i32 %src1, i32 %src2" [../RISCV-RV32I-H1/riscv32i.cc:213]   --->   Operation 79 'icmp' 'icmp_ln213' <Predicate = (opcode == 99 & func3 == 7)> <Delay = 2.55> <CoreInst = "Cmp">   --->   Core 9 'Cmp' <Latency = 0> <II = 1> <Delay = 2.55> <FuncUnit> <Opcode : 'seteq' 'setne' 'setle' 'setge' 'setlt' 'setgt'> <InPorts = 2> <OutPorts = 1>
ST_5 : Operation 80 [1/1] (0.00ns) (grouped into LUT with out node res_j_8)   --->   "%xor_ln213 = xor i1 %icmp_ln213, i1 1" [../RISCV-RV32I-H1/riscv32i.cc:213]   --->   Operation 80 'xor' 'xor_ln213' <Predicate = (opcode == 99 & func3 == 7)> <Delay = 0.00> <CoreInst = "LogicGate">   --->   Core 74 'LogicGate' <Latency = 0> <II = 1> <Delay = 0.97> <FuncUnit> <Opcode : 'and' 'or' 'xor'> <InPorts = 2> <OutPorts = 1>
ST_5 : Operation 81 [1/1] (0.97ns) (out node of the LUT)   --->   "%res_j_8 = select i1 %xor_ln213, i32 %res_b, i32 %pc_2" [../RISCV-RV32I-H1/riscv32i.cc:213]   --->   Operation 81 'select' 'res_j_8' <Predicate = (opcode == 99 & func3 == 7)> <Delay = 0.97> <CoreInst = "Sel">   --->   Core 73 'Sel' <Latency = 0> <II = 1> <Delay = 0.69> <FuncUnit> <Opcode : 'select'> <InPorts = 3> <OutPorts = 1>
ST_5 : Operation 82 [1/1] (3.02ns)   --->   "%br_ln214 = br void %sw.epilog221" [../RISCV-RV32I-H1/riscv32i.cc:214]   --->   Operation 82 'br' 'br_ln214' <Predicate = (opcode == 99 & func3 == 7)> <Delay = 3.02>
ST_5 : Operation 83 [1/1] (2.55ns)   --->   "%icmp_ln210 = icmp_ult  i32 %src1, i32 %src2" [../RISCV-RV32I-H1/riscv32i.cc:210]   --->   Operation 83 'icmp' 'icmp_ln210' <Predicate = (opcode == 99 & func3 == 6)> <Delay = 2.55> <CoreInst = "Cmp">   --->   Core 9 'Cmp' <Latency = 0> <II = 1> <Delay = 2.55> <FuncUnit> <Opcode : 'seteq' 'setne' 'setle' 'setge' 'setlt' 'setgt'> <InPorts = 2> <OutPorts = 1>
ST_5 : Operation 84 [1/1] (0.69ns)   --->   "%res_j_7 = select i1 %icmp_ln210, i32 %res_b, i32 %pc_2" [../RISCV-RV32I-H1/riscv32i.cc:210]   --->   Operation 84 'select' 'res_j_7' <Predicate = (opcode == 99 & func3 == 6)> <Delay = 0.69> <CoreInst = "Sel">   --->   Core 73 'Sel' <Latency = 0> <II = 1> <Delay = 0.69> <FuncUnit> <Opcode : 'select'> <InPorts = 3> <OutPorts = 1>
ST_5 : Operation 85 [1/1] (3.02ns)   --->   "%br_ln211 = br void %sw.epilog221" [../RISCV-RV32I-H1/riscv32i.cc:211]   --->   Operation 85 'br' 'br_ln211' <Predicate = (opcode == 99 & func3 == 6)> <Delay = 3.02>
ST_5 : Operation 86 [1/1] (2.55ns)   --->   "%icmp_ln207 = icmp_slt  i32 %src1, i32 %src2" [../RISCV-RV32I-H1/riscv32i.cc:207]   --->   Operation 86 'icmp' 'icmp_ln207' <Predicate = (opcode == 99 & func3 == 5)> <Delay = 2.55> <CoreInst = "Cmp">   --->   Core 9 'Cmp' <Latency = 0> <II = 1> <Delay = 2.55> <FuncUnit> <Opcode : 'seteq' 'setne' 'setle' 'setge' 'setlt' 'setgt'> <InPorts = 2> <OutPorts = 1>
ST_5 : Operation 87 [1/1] (0.00ns) (grouped into LUT with out node res_j_6)   --->   "%xor_ln207 = xor i1 %icmp_ln207, i1 1" [../RISCV-RV32I-H1/riscv32i.cc:207]   --->   Operation 87 'xor' 'xor_ln207' <Predicate = (opcode == 99 & func3 == 5)> <Delay = 0.00> <CoreInst = "LogicGate">   --->   Core 74 'LogicGate' <Latency = 0> <II = 1> <Delay = 0.97> <FuncUnit> <Opcode : 'and' 'or' 'xor'> <InPorts = 2> <OutPorts = 1>
ST_5 : Operation 88 [1/1] (0.97ns) (out node of the LUT)   --->   "%res_j_6 = select i1 %xor_ln207, i32 %res_b, i32 %pc_2" [../RISCV-RV32I-H1/riscv32i.cc:207]   --->   Operation 88 'select' 'res_j_6' <Predicate = (opcode == 99 & func3 == 5)> <Delay = 0.97> <CoreInst = "Sel">   --->   Core 73 'Sel' <Latency = 0> <II = 1> <Delay = 0.69> <FuncUnit> <Opcode : 'select'> <InPorts = 3> <OutPorts = 1>
ST_5 : Operation 89 [1/1] (3.02ns)   --->   "%br_ln208 = br void %sw.epilog221" [../RISCV-RV32I-H1/riscv32i.cc:208]   --->   Operation 89 'br' 'br_ln208' <Predicate = (opcode == 99 & func3 == 5)> <Delay = 3.02>
ST_5 : Operation 90 [1/1] (2.55ns)   --->   "%icmp_ln204 = icmp_slt  i32 %src1, i32 %src2" [../RISCV-RV32I-H1/riscv32i.cc:204]   --->   Operation 90 'icmp' 'icmp_ln204' <Predicate = (opcode == 99 & func3 == 4)> <Delay = 2.55> <CoreInst = "Cmp">   --->   Core 9 'Cmp' <Latency = 0> <II = 1> <Delay = 2.55> <FuncUnit> <Opcode : 'seteq' 'setne' 'setle' 'setge' 'setlt' 'setgt'> <InPorts = 2> <OutPorts = 1>
ST_5 : Operation 91 [1/1] (0.69ns)   --->   "%res_j_5 = select i1 %icmp_ln204, i32 %res_b, i32 %pc_2" [../RISCV-RV32I-H1/riscv32i.cc:204]   --->   Operation 91 'select' 'res_j_5' <Predicate = (opcode == 99 & func3 == 4)> <Delay = 0.69> <CoreInst = "Sel">   --->   Core 73 'Sel' <Latency = 0> <II = 1> <Delay = 0.69> <FuncUnit> <Opcode : 'select'> <InPorts = 3> <OutPorts = 1>
ST_5 : Operation 92 [1/1] (3.02ns)   --->   "%br_ln205 = br void %sw.epilog221" [../RISCV-RV32I-H1/riscv32i.cc:205]   --->   Operation 92 'br' 'br_ln205' <Predicate = (opcode == 99 & func3 == 4)> <Delay = 3.02>
ST_5 : Operation 93 [1/1] (2.55ns)   --->   "%icmp_ln201 = icmp_ne  i32 %src1, i32 %src2" [../RISCV-RV32I-H1/riscv32i.cc:201]   --->   Operation 93 'icmp' 'icmp_ln201' <Predicate = (opcode == 99 & func3 == 1)> <Delay = 2.55> <CoreInst = "Cmp">   --->   Core 9 'Cmp' <Latency = 0> <II = 1> <Delay = 2.55> <FuncUnit> <Opcode : 'seteq' 'setne' 'setle' 'setge' 'setlt' 'setgt'> <InPorts = 2> <OutPorts = 1>
ST_5 : Operation 94 [1/1] (0.69ns)   --->   "%res_j_4 = select i1 %icmp_ln201, i32 %res_b, i32 %pc_2" [../RISCV-RV32I-H1/riscv32i.cc:201]   --->   Operation 94 'select' 'res_j_4' <Predicate = (opcode == 99 & func3 == 1)> <Delay = 0.69> <CoreInst = "Sel">   --->   Core 73 'Sel' <Latency = 0> <II = 1> <Delay = 0.69> <FuncUnit> <Opcode : 'select'> <InPorts = 3> <OutPorts = 1>
ST_5 : Operation 95 [1/1] (3.02ns)   --->   "%br_ln202 = br void %sw.epilog221" [../RISCV-RV32I-H1/riscv32i.cc:202]   --->   Operation 95 'br' 'br_ln202' <Predicate = (opcode == 99 & func3 == 1)> <Delay = 3.02>
ST_5 : Operation 96 [1/1] (2.55ns)   --->   "%icmp_ln198 = icmp_eq  i32 %src1, i32 %src2" [../RISCV-RV32I-H1/riscv32i.cc:198]   --->   Operation 96 'icmp' 'icmp_ln198' <Predicate = (opcode == 99 & func3 == 0)> <Delay = 2.55> <CoreInst = "Cmp">   --->   Core 9 'Cmp' <Latency = 0> <II = 1> <Delay = 2.55> <FuncUnit> <Opcode : 'seteq' 'setne' 'setle' 'setge' 'setlt' 'setgt'> <InPorts = 2> <OutPorts = 1>
ST_5 : Operation 97 [1/1] (0.69ns)   --->   "%res_j_3 = select i1 %icmp_ln198, i32 %res_b, i32 %pc_2" [../RISCV-RV32I-H1/riscv32i.cc:198]   --->   Operation 97 'select' 'res_j_3' <Predicate = (opcode == 99 & func3 == 0)> <Delay = 0.69> <CoreInst = "Sel">   --->   Core 73 'Sel' <Latency = 0> <II = 1> <Delay = 0.69> <FuncUnit> <Opcode : 'select'> <InPorts = 3> <OutPorts = 1>
ST_5 : Operation 98 [1/1] (3.02ns)   --->   "%br_ln199 = br void %sw.epilog221" [../RISCV-RV32I-H1/riscv32i.cc:199]   --->   Operation 98 'br' 'br_ln199' <Predicate = (opcode == 99 & func3 == 0)> <Delay = 3.02>
ST_5 : Operation 99 [1/1] (1.65ns)   --->   "%switch_ln180 = switch i3 %func3, void %sw.epilog162, i3 0, void %sw.bb156, i3 1, void %sw.bb158, i3 2, void %sw.bb160" [../RISCV-RV32I-H1/riscv32i.cc:180]   --->   Operation 99 'switch' 'switch_ln180' <Predicate = (opcode == 35)> <Delay = 1.65>
ST_5 : Operation 100 [1/1] (0.00ns)   --->   "%write_ln188 = write void @_ssdm_op_Write.ap_auto.volatile.i4P0A, i4 %pstrb, i4 15" [../RISCV-RV32I-H1/riscv32i.cc:188]   --->   Operation 100 'write' 'write_ln188' <Predicate = (opcode == 35 & func3 == 2)> <Delay = 0.00>
ST_5 : Operation 101 [1/1] (0.00ns)   --->   "%br_ln189 = br void %sw.epilog162" [../RISCV-RV32I-H1/riscv32i.cc:189]   --->   Operation 101 'br' 'br_ln189' <Predicate = (opcode == 35 & func3 == 2)> <Delay = 0.00>
ST_5 : Operation 102 [1/1] (0.00ns)   --->   "%write_ln185 = write void @_ssdm_op_Write.ap_auto.volatile.i4P0A, i4 %pstrb, i4 3" [../RISCV-RV32I-H1/riscv32i.cc:185]   --->   Operation 102 'write' 'write_ln185' <Predicate = (opcode == 35 & func3 == 1)> <Delay = 0.00>
ST_5 : Operation 103 [1/1] (0.00ns)   --->   "%br_ln186 = br void %sw.epilog162" [../RISCV-RV32I-H1/riscv32i.cc:186]   --->   Operation 103 'br' 'br_ln186' <Predicate = (opcode == 35 & func3 == 1)> <Delay = 0.00>
ST_5 : Operation 104 [1/1] (0.00ns)   --->   "%write_ln182 = write void @_ssdm_op_Write.ap_auto.volatile.i4P0A, i4 %pstrb, i4 1" [../RISCV-RV32I-H1/riscv32i.cc:182]   --->   Operation 104 'write' 'write_ln182' <Predicate = (opcode == 35 & func3 == 0)> <Delay = 0.00>
ST_5 : Operation 105 [1/1] (0.00ns)   --->   "%br_ln183 = br void %sw.epilog162" [../RISCV-RV32I-H1/riscv32i.cc:183]   --->   Operation 105 'br' 'br_ln183' <Predicate = (opcode == 35 & func3 == 0)> <Delay = 0.00>
ST_5 : Operation 106 [1/1] (3.02ns)   --->   "%br_ln193 = br void %sw.epilog221" [../RISCV-RV32I-H1/riscv32i.cc:193]   --->   Operation 106 'br' 'br_ln193' <Predicate = (opcode == 35)> <Delay = 3.02>
ST_5 : Operation 107 [1/1] (1.56ns)   --->   "%icmp_ln155 = icmp_eq  i2 %trunc_ln99, i2 0" [../RISCV-RV32I-H1/riscv32i.cc:155]   --->   Operation 107 'icmp' 'icmp_ln155' <Predicate = (opcode == 3)> <Delay = 1.56> <CoreInst = "Cmp">   --->   Core 9 'Cmp' <Latency = 0> <II = 1> <Delay = 1.56> <FuncUnit> <Opcode : 'seteq' 'setne' 'setle' 'setge' 'setlt' 'setgt'> <InPorts = 2> <OutPorts = 1>
ST_5 : Operation 108 [1/1] (0.00ns)   --->   "%br_ln155 = br i1 %icmp_ln155, void %cleanup.thread.exitStub, void %if.end" [../RISCV-RV32I-H1/riscv32i.cc:155]   --->   Operation 108 'br' 'br_ln155' <Predicate = (opcode == 3)> <Delay = 0.00>
ST_5 : Operation 109 [1/1] (0.00ns)   --->   "%lshr_ln1 = partselect i10 @_ssdm_op_PartSelect.i10.i32.i32.i32, i32 %addr, i32 2, i32 11" [../RISCV-RV32I-H1/riscv32i.cc:159]   --->   Operation 109 'partselect' 'lshr_ln1' <Predicate = (opcode == 3 & icmp_ln155)> <Delay = 0.00>
ST_5 : Operation 110 [1/1] (0.00ns)   --->   "%zext_ln159 = zext i10 %lshr_ln1" [../RISCV-RV32I-H1/riscv32i.cc:159]   --->   Operation 110 'zext' 'zext_ln159' <Predicate = (opcode == 3 & icmp_ln155)> <Delay = 0.00>
ST_5 : Operation 111 [1/1] (0.00ns)   --->   "%mem_addr_1 = getelementptr i32 %mem, i64 0, i64 %zext_ln159" [../RISCV-RV32I-H1/riscv32i.cc:159]   --->   Operation 111 'getelementptr' 'mem_addr_1' <Predicate = (opcode == 3 & icmp_ln155)> <Delay = 0.00>
ST_5 : Operation 112 [2/2] (0.00ns)   --->   "%val = load i10 %mem_addr_1" [../RISCV-RV32I-H1/riscv32i.cc:159]   --->   Operation 112 'load' 'val' <Predicate = (opcode == 3 & icmp_ln155)> <Delay = 0.00> <CoreInst = "RAM">   --->   Core 81 'RAM' <Latency = 1> <II = 1> <Delay = 3.25> <Storage> <Opcode : 'load' 'store'> <Ports = 2> <Width = 32> <Depth = 1024> <RAM>
ST_5 : Operation 113 [1/1] (3.02ns)   --->   "%switch_ln160 = switch i3 %func3, void %sw.epilog221, i3 0, void %sw.bb136, i3 1, void %sw.bb141, i3 4, void %sw.bb146, i3 5, void %sw.bb149, i3 2, void %sw.bb152" [../RISCV-RV32I-H1/riscv32i.cc:160]   --->   Operation 113 'switch' 'switch_ln160' <Predicate = (opcode == 3 & icmp_ln155)> <Delay = 3.02>
ST_5 : Operation 114 [1/1] (3.02ns)   --->   "%switch_ln120 = switch i10 %funcx, void %sw.epilog221, i10 0, void %sw.bb93, i10 256, void %sw.bb96, i10 64, void %sw.bb99, i10 96, void %sw.bb101, i10 112, void %sw.bb103, i10 1, void %sw.bb105, i10 5, void %sw.bb107, i10 261, void %sw.bb109, i10 2, void %sw.bb113, i10 3, void %sw.bb118" [../RISCV-RV32I-H1/riscv32i.cc:120]   --->   Operation 114 'switch' 'switch_ln120' <Predicate = (opcode == 51) | (opcode == 19)> <Delay = 3.02>
ST_5 : Operation 115 [1/1] (2.55ns)   --->   "%res_12 = icmp_ult  i32 %src1, i32 %src2" [../RISCV-RV32I-H1/riscv32i.cc:149]   --->   Operation 115 'icmp' 'res_12' <Predicate = (opcode == 51 & funcx == 3) | (opcode == 19 & funcx == 3)> <Delay = 2.55> <CoreInst = "Cmp">   --->   Core 9 'Cmp' <Latency = 0> <II = 1> <Delay = 2.55> <FuncUnit> <Opcode : 'seteq' 'setne' 'setle' 'setge' 'setlt' 'setgt'> <InPorts = 2> <OutPorts = 1>
ST_5 : Operation 116 [1/1] (0.00ns)   --->   "%zext_ln149 = zext i1 %res_12" [../RISCV-RV32I-H1/riscv32i.cc:149]   --->   Operation 116 'zext' 'zext_ln149' <Predicate = (opcode == 51 & funcx == 3) | (opcode == 19 & funcx == 3)> <Delay = 0.00>
ST_5 : Operation 117 [1/1] (3.02ns)   --->   "%br_ln150 = br void %sw.epilog221" [../RISCV-RV32I-H1/riscv32i.cc:150]   --->   Operation 117 'br' 'br_ln150' <Predicate = (opcode == 51 & funcx == 3) | (opcode == 19 & funcx == 3)> <Delay = 3.02>
ST_5 : Operation 118 [1/1] (2.55ns)   --->   "%res_11 = icmp_slt  i32 %src1, i32 %src2" [../RISCV-RV32I-H1/riscv32i.cc:146]   --->   Operation 118 'icmp' 'res_11' <Predicate = (opcode == 51 & funcx == 2) | (opcode == 19 & funcx == 2)> <Delay = 2.55> <CoreInst = "Cmp">   --->   Core 9 'Cmp' <Latency = 0> <II = 1> <Delay = 2.55> <FuncUnit> <Opcode : 'seteq' 'setne' 'setle' 'setge' 'setlt' 'setgt'> <InPorts = 2> <OutPorts = 1>
ST_5 : Operation 119 [1/1] (0.00ns)   --->   "%zext_ln146 = zext i1 %res_11" [../RISCV-RV32I-H1/riscv32i.cc:146]   --->   Operation 119 'zext' 'zext_ln146' <Predicate = (opcode == 51 & funcx == 2) | (opcode == 19 & funcx == 2)> <Delay = 0.00>
ST_5 : Operation 120 [1/1] (3.02ns)   --->   "%br_ln147 = br void %sw.epilog221" [../RISCV-RV32I-H1/riscv32i.cc:147]   --->   Operation 120 'br' 'br_ln147' <Predicate = (opcode == 51 & funcx == 2) | (opcode == 19 & funcx == 2)> <Delay = 3.02>
ST_5 : Operation 121 [1/1] (4.42ns)   --->   "%res_10 = ashr i32 %src1, i32 %src2" [../RISCV-RV32I-H1/riscv32i.cc:143]   --->   Operation 121 'ashr' 'res_10' <Predicate = (opcode == 51 & funcx == 261) | (opcode == 19 & funcx == 261)> <Delay = 4.42> <CoreInst = "Shifter">   --->   Core 75 'Shifter' <Latency = 0> <II = 1> <Delay = 4.42> <FuncUnit> <Opcode : 'shl' 'lshr' 'ashr'> <InPorts = 2> <OutPorts = 1>
ST_5 : Operation 122 [1/1] (4.42ns)   --->   "%res_9 = lshr i32 %src1, i32 %src2" [../RISCV-RV32I-H1/riscv32i.cc:140]   --->   Operation 122 'lshr' 'res_9' <Predicate = (opcode == 51 & funcx == 5) | (opcode == 19 & funcx == 5)> <Delay = 4.42> <CoreInst = "Shifter">   --->   Core 75 'Shifter' <Latency = 0> <II = 1> <Delay = 4.42> <FuncUnit> <Opcode : 'shl' 'lshr' 'ashr'> <InPorts = 2> <OutPorts = 1>
ST_5 : Operation 123 [1/1] (4.42ns)   --->   "%res_8 = shl i32 %src1, i32 %src2" [../RISCV-RV32I-H1/riscv32i.cc:137]   --->   Operation 123 'shl' 'res_8' <Predicate = (opcode == 51 & funcx == 1) | (opcode == 19 & funcx == 1)> <Delay = 4.42> <CoreInst = "Shifter">   --->   Core 75 'Shifter' <Latency = 0> <II = 1> <Delay = 4.42> <FuncUnit> <Opcode : 'shl' 'lshr' 'ashr'> <InPorts = 2> <OutPorts = 1>
ST_5 : Operation 124 [1/1] (0.99ns)   --->   "%res_7 = and i32 %src1, i32 %src2" [../RISCV-RV32I-H1/riscv32i.cc:134]   --->   Operation 124 'and' 'res_7' <Predicate = (opcode == 51 & funcx == 112) | (opcode == 19 & funcx == 112)> <Delay = 0.99> <CoreInst = "LogicGate">   --->   Core 74 'LogicGate' <Latency = 0> <II = 1> <Delay = 0.99> <FuncUnit> <Opcode : 'and' 'or' 'xor'> <InPorts = 2> <OutPorts = 1>
ST_5 : Operation 125 [1/1] (3.02ns)   --->   "%br_ln135 = br void %sw.epilog221" [../RISCV-RV32I-H1/riscv32i.cc:135]   --->   Operation 125 'br' 'br_ln135' <Predicate = (opcode == 51 & funcx == 112) | (opcode == 19 & funcx == 112)> <Delay = 3.02>
ST_5 : Operation 126 [1/1] (0.99ns)   --->   "%res_6 = or i32 %src1, i32 %src2" [../RISCV-RV32I-H1/riscv32i.cc:131]   --->   Operation 126 'or' 'res_6' <Predicate = (opcode == 51 & funcx == 96) | (opcode == 19 & funcx == 96)> <Delay = 0.99> <CoreInst = "LogicGate">   --->   Core 74 'LogicGate' <Latency = 0> <II = 1> <Delay = 0.99> <FuncUnit> <Opcode : 'and' 'or' 'xor'> <InPorts = 2> <OutPorts = 1>
ST_5 : Operation 127 [1/1] (3.02ns)   --->   "%br_ln132 = br void %sw.epilog221" [../RISCV-RV32I-H1/riscv32i.cc:132]   --->   Operation 127 'br' 'br_ln132' <Predicate = (opcode == 51 & funcx == 96) | (opcode == 19 & funcx == 96)> <Delay = 3.02>
ST_5 : Operation 128 [1/1] (0.99ns)   --->   "%res_5 = xor i32 %src1, i32 %src2" [../RISCV-RV32I-H1/riscv32i.cc:128]   --->   Operation 128 'xor' 'res_5' <Predicate = (opcode == 51 & funcx == 64) | (opcode == 19 & funcx == 64)> <Delay = 0.99> <CoreInst = "LogicGate">   --->   Core 74 'LogicGate' <Latency = 0> <II = 1> <Delay = 0.99> <FuncUnit> <Opcode : 'and' 'or' 'xor'> <InPorts = 2> <OutPorts = 1>
ST_5 : Operation 129 [1/1] (3.02ns)   --->   "%br_ln129 = br void %sw.epilog221" [../RISCV-RV32I-H1/riscv32i.cc:129]   --->   Operation 129 'br' 'br_ln129' <Predicate = (opcode == 51 & funcx == 64) | (opcode == 19 & funcx == 64)> <Delay = 3.02>
ST_5 : Operation 130 [1/1] (2.55ns)   --->   "%res_4 = sub i32 %src1, i32 %src2" [../RISCV-RV32I-H1/riscv32i.cc:125]   --->   Operation 130 'sub' 'res_4' <Predicate = (opcode == 51 & funcx == 256) | (opcode == 19 & funcx == 256)> <Delay = 2.55> <CoreInst = "Adder">   --->   Core 1 'Adder' <Latency = 0> <II = 1> <Delay = 2.55> <FuncUnit> <Opcode : 'add' 'sub'> <InPorts = 2> <OutPorts = 1>
ST_5 : Operation 131 [1/1] (3.02ns)   --->   "%br_ln126 = br void %sw.epilog221" [../RISCV-RV32I-H1/riscv32i.cc:126]   --->   Operation 131 'br' 'br_ln126' <Predicate = (opcode == 51 & funcx == 256) | (opcode == 19 & funcx == 256)> <Delay = 3.02>
ST_5 : Operation 132 [1/1] (2.55ns)   --->   "%res_3 = add i32 %src1, i32 %src2" [../RISCV-RV32I-H1/riscv32i.cc:122]   --->   Operation 132 'add' 'res_3' <Predicate = (opcode == 51 & funcx == 0) | (opcode == 19 & funcx == 0)> <Delay = 2.55> <CoreInst = "Adder">   --->   Core 1 'Adder' <Latency = 0> <II = 1> <Delay = 2.55> <FuncUnit> <Opcode : 'add' 'sub'> <InPorts = 2> <OutPorts = 1>
ST_5 : Operation 133 [1/1] (3.02ns)   --->   "%br_ln123 = br void %sw.epilog221" [../RISCV-RV32I-H1/riscv32i.cc:123]   --->   Operation 133 'br' 'br_ln123' <Predicate = (opcode == 51 & funcx == 0) | (opcode == 19 & funcx == 0)> <Delay = 3.02>
ST_5 : Operation 134 [1/1] (2.55ns)   --->   "%res = add i32 %imm12, i32 %pc_1" [../RISCV-RV32I-H1/riscv32i.cc:234]   --->   Operation 134 'add' 'res' <Predicate = (opcode == 23)> <Delay = 2.55> <CoreInst = "Adder">   --->   Core 1 'Adder' <Latency = 0> <II = 1> <Delay = 2.55> <FuncUnit> <Opcode : 'add' 'sub'> <InPorts = 2> <OutPorts = 1>
ST_5 : Operation 135 [1/1] (3.02ns)   --->   "%br_ln235 = br void %sw.epilog221" [../RISCV-RV32I-H1/riscv32i.cc:235]   --->   Operation 135 'br' 'br_ln235' <Predicate = (opcode == 23)> <Delay = 3.02>

State 6 <SV = 5> <Delay = 6.27>
ST_6 : Operation 136 [1/2] ( I:0.00ns O:0.00ns )   --->   "%val = load i10 %mem_addr_1" [../RISCV-RV32I-H1/riscv32i.cc:159]   --->   Operation 136 'load' 'val' <Predicate = (opcode == 3 & icmp_ln155)> <Delay = 0.00> <CoreInst = "RAM">   --->   Core 81 'RAM' <Latency = 1> <II = 1> <Delay = 3.25> <Storage> <Opcode : 'load' 'store'> <Ports = 2> <Width = 32> <Depth = 1024> <RAM>
ST_6 : Operation 137 [1/1] (3.02ns)   --->   "%br_ln175 = br void %sw.epilog221" [../RISCV-RV32I-H1/riscv32i.cc:175]   --->   Operation 137 'br' 'br_ln175' <Predicate = (opcode == 3 & func3 == 2 & icmp_ln155)> <Delay = 3.02>
ST_6 : Operation 138 [1/1] (0.00ns)   --->   "%res_16 = trunc i32 %val" [../RISCV-RV32I-H1/riscv32i.cc:171]   --->   Operation 138 'trunc' 'res_16' <Predicate = (opcode == 3 & func3 == 5 & icmp_ln155)> <Delay = 0.00>
ST_6 : Operation 139 [1/1] (0.00ns)   --->   "%zext_ln171 = zext i16 %res_16" [../RISCV-RV32I-H1/riscv32i.cc:171]   --->   Operation 139 'zext' 'zext_ln171' <Predicate = (opcode == 3 & func3 == 5 & icmp_ln155)> <Delay = 0.00>
ST_6 : Operation 140 [1/1] (3.02ns)   --->   "%br_ln172 = br void %sw.epilog221" [../RISCV-RV32I-H1/riscv32i.cc:172]   --->   Operation 140 'br' 'br_ln172' <Predicate = (opcode == 3 & func3 == 5 & icmp_ln155)> <Delay = 3.02>
ST_6 : Operation 141 [1/1] (0.00ns)   --->   "%res_15 = trunc i32 %val" [../RISCV-RV32I-H1/riscv32i.cc:168]   --->   Operation 141 'trunc' 'res_15' <Predicate = (opcode == 3 & func3 == 4 & icmp_ln155)> <Delay = 0.00>
ST_6 : Operation 142 [1/1] (0.00ns)   --->   "%zext_ln168 = zext i8 %res_15" [../RISCV-RV32I-H1/riscv32i.cc:168]   --->   Operation 142 'zext' 'zext_ln168' <Predicate = (opcode == 3 & func3 == 4 & icmp_ln155)> <Delay = 0.00>
ST_6 : Operation 143 [1/1] (3.02ns)   --->   "%br_ln169 = br void %sw.epilog221" [../RISCV-RV32I-H1/riscv32i.cc:169]   --->   Operation 143 'br' 'br_ln169' <Predicate = (opcode == 3 & func3 == 4 & icmp_ln155)> <Delay = 3.02>
ST_6 : Operation 144 [1/1] (0.00ns)   --->   "%res_14 = trunc i32 %val" [../RISCV-RV32I-H1/riscv32i.cc:165]   --->   Operation 144 'trunc' 'res_14' <Predicate = (opcode == 3 & func3 == 1 & icmp_ln155)> <Delay = 0.00>
ST_6 : Operation 145 [1/1] (0.00ns)   --->   "%sext_ln165 = sext i16 %res_14" [../RISCV-RV32I-H1/riscv32i.cc:165]   --->   Operation 145 'sext' 'sext_ln165' <Predicate = (opcode == 3 & func3 == 1 & icmp_ln155)> <Delay = 0.00>
ST_6 : Operation 146 [1/1] (3.02ns)   --->   "%br_ln166 = br void %sw.epilog221" [../RISCV-RV32I-H1/riscv32i.cc:166]   --->   Operation 146 'br' 'br_ln166' <Predicate = (opcode == 3 & func3 == 1 & icmp_ln155)> <Delay = 3.02>
ST_6 : Operation 147 [1/1] (0.00ns)   --->   "%res_13 = trunc i32 %val" [../RISCV-RV32I-H1/riscv32i.cc:162]   --->   Operation 147 'trunc' 'res_13' <Predicate = (opcode == 3 & func3 == 0 & icmp_ln155)> <Delay = 0.00>
ST_6 : Operation 148 [1/1] (0.00ns)   --->   "%sext_ln162 = sext i8 %res_13" [../RISCV-RV32I-H1/riscv32i.cc:162]   --->   Operation 148 'sext' 'sext_ln162' <Predicate = (opcode == 3 & func3 == 0 & icmp_ln155)> <Delay = 0.00>
ST_6 : Operation 149 [1/1] (3.02ns)   --->   "%br_ln163 = br void %sw.epilog221" [../RISCV-RV32I-H1/riscv32i.cc:163]   --->   Operation 149 'br' 'br_ln163' <Predicate = (opcode == 3 & func3 == 0 & icmp_ln155)> <Delay = 3.02>
ST_6 : Operation 150 [1/1] (3.02ns)   --->   "%br_ln144 = br void %sw.epilog221" [../RISCV-RV32I-H1/riscv32i.cc:144]   --->   Operation 150 'br' 'br_ln144' <Predicate = (opcode == 51 & funcx == 261) | (opcode == 19 & funcx == 261)> <Delay = 3.02>
ST_6 : Operation 151 [1/1] (3.02ns)   --->   "%br_ln141 = br void %sw.epilog221" [../RISCV-RV32I-H1/riscv32i.cc:141]   --->   Operation 151 'br' 'br_ln141' <Predicate = (opcode == 51 & funcx == 5) | (opcode == 19 & funcx == 5)> <Delay = 3.02>
ST_6 : Operation 152 [1/1] (3.02ns)   --->   "%br_ln138 = br void %sw.epilog221" [../RISCV-RV32I-H1/riscv32i.cc:138]   --->   Operation 152 'br' 'br_ln138' <Predicate = (opcode == 51 & funcx == 1) | (opcode == 19 & funcx == 1)> <Delay = 3.02>
ST_6 : Operation 153 [1/1] (0.00ns)   --->   "%res_2 = phi i32 %res, void %sw.bb215, i32 %pc_2, void %sw.bb211, i32 %pc_2, void %sw.bb210, i32 %src2, void %sw.epilog162, i32 0, void %sw.bb201, i32 0, void %sw.bb193, i32 0, void %sw.bb185, i32 0, void %sw.bb177, i32 0, void %sw.bb171, i32 0, void %sw.bb165, i32 %val, void %sw.bb152, i32 %zext_ln171, void %sw.bb149, i32 %zext_ln168, void %sw.bb146, i32 %sext_ln165, void %sw.bb141, i32 %sext_ln162, void %sw.bb136, i32 %zext_ln149, void %sw.bb118, i32 %zext_ln146, void %sw.bb113, i32 %res_10, void %sw.bb109, i32 %res_9, void %sw.bb107, i32 %res_8, void %sw.bb105, i32 %res_7, void %sw.bb103, i32 %res_6, void %sw.bb101, i32 %res_5, void %sw.bb99, i32 %res_4, void %sw.bb96, i32 %res_3, void %sw.bb93, i32 %imm12, void %sw.epilog._crit_edge, i32 0, void %sw.bb91, i32 0, void %if.end, i32 0, void %sw.bb163"   --->   Operation 153 'phi' 'res_2' <Predicate = (opcode == 51) | (opcode == 23) | (opcode == 55) | (opcode == 111) | (opcode == 99) | (opcode == 35) | (opcode == 103) | (opcode == 3 & icmp_ln155) | (opcode == 19)> <Delay = 0.00>
ST_6 : Operation 154 [1/1] (0.00ns)   --->   "%res_j_1 = phi i32 0, void %sw.bb215, i32 %addr, void %sw.bb211, i32 %res_b, void %sw.bb210, i32 0, void %sw.epilog162, i32 %res_j_8, void %sw.bb201, i32 %res_j_7, void %sw.bb193, i32 %res_j_6, void %sw.bb185, i32 %res_j_5, void %sw.bb177, i32 %res_j_4, void %sw.bb171, i32 %res_j_3, void %sw.bb165, i32 0, void %sw.bb152, i32 0, void %sw.bb149, i32 0, void %sw.bb146, i32 0, void %sw.bb141, i32 0, void %sw.bb136, i32 0, void %sw.bb118, i32 0, void %sw.bb113, i32 0, void %sw.bb109, i32 0, void %sw.bb107, i32 0, void %sw.bb105, i32 0, void %sw.bb103, i32 0, void %sw.bb101, i32 0, void %sw.bb99, i32 0, void %sw.bb96, i32 0, void %sw.bb93, i32 0, void %sw.epilog._crit_edge, i32 0, void %sw.bb91, i32 0, void %if.end, i32 0, void %sw.bb163"   --->   Operation 154 'phi' 'res_j_1' <Predicate = (opcode == 51) | (opcode == 23) | (opcode == 55) | (opcode == 111) | (opcode == 99) | (opcode == 35) | (opcode == 103) | (opcode == 3 & icmp_ln155) | (opcode == 19)> <Delay = 0.00>
ST_6 : Operation 155 [1/1] (1.87ns)   --->   "%switch_ln243 = switch i7 %opcode, void %land.lhs.true, i7 35, void %if.then223, i7 99, void %if.end241" [../RISCV-RV32I-H1/riscv32i.cc:243]   --->   Operation 155 'switch' 'switch_ln243' <Predicate = (opcode == 51) | (opcode == 23) | (opcode == 55) | (opcode == 111) | (opcode == 99) | (opcode == 35) | (opcode == 103) | (opcode == 3 & icmp_ln155) | (opcode == 19)> <Delay = 1.87>
ST_6 : Operation 156 [1/1] (1.56ns)   --->   "%icmp_ln244 = icmp_eq  i2 %trunc_ln99, i2 0" [../RISCV-RV32I-H1/riscv32i.cc:244]   --->   Operation 156 'icmp' 'icmp_ln244' <Predicate = (opcode == 35)> <Delay = 1.56> <CoreInst = "Cmp">   --->   Core 9 'Cmp' <Latency = 0> <II = 1> <Delay = 1.56> <FuncUnit> <Opcode : 'seteq' 'setne' 'setle' 'setge' 'setlt' 'setgt'> <InPorts = 2> <OutPorts = 1>
ST_6 : Operation 157 [1/1] (0.00ns)   --->   "%br_ln244 = br i1 %icmp_ln244, void %if.end234, void %if.else" [../RISCV-RV32I-H1/riscv32i.cc:244]   --->   Operation 157 'br' 'br_ln244' <Predicate = (opcode == 35)> <Delay = 0.00>
ST_6 : Operation 158 [1/1] (0.00ns)   --->   "%lshr_ln2 = partselect i10 @_ssdm_op_PartSelect.i10.i32.i32.i32, i32 %addr, i32 2, i32 11" [../RISCV-RV32I-H1/riscv32i.cc:248]   --->   Operation 158 'partselect' 'lshr_ln2' <Predicate = (opcode == 35 & icmp_ln244)> <Delay = 0.00>
ST_6 : Operation 159 [1/1] (0.00ns)   --->   "%zext_ln248 = zext i10 %lshr_ln2" [../RISCV-RV32I-H1/riscv32i.cc:248]   --->   Operation 159 'zext' 'zext_ln248' <Predicate = (opcode == 35 & icmp_ln244)> <Delay = 0.00>
ST_6 : Operation 160 [1/1] (0.00ns)   --->   "%mem_addr_2 = getelementptr i32 %mem, i64 0, i64 %zext_ln248" [../RISCV-RV32I-H1/riscv32i.cc:248]   --->   Operation 160 'getelementptr' 'mem_addr_2' <Predicate = (opcode == 35 & icmp_ln244)> <Delay = 0.00>
ST_6 : Operation 161 [1/1] ( I:0.00ns O:0.00ns )   --->   "%store_ln248 = store i32 %res_2, i10 %mem_addr_2" [../RISCV-RV32I-H1/riscv32i.cc:248]   --->   Operation 161 'store' 'store_ln248' <Predicate = (opcode == 35 & icmp_ln244)> <Delay = 0.00> <CoreInst = "RAM">   --->   Core 81 'RAM' <Latency = 1> <II = 1> <Delay = 3.25> <Storage> <Opcode : 'load' 'store'> <Ports = 2> <Width = 32> <Depth = 1024> <RAM>
ST_6 : Operation 162 [1/1] (0.00ns)   --->   "%br_ln0 = br void %if.end234"   --->   Operation 162 'br' 'br_ln0' <Predicate = (opcode == 35 & icmp_ln244)> <Delay = 0.00>
ST_6 : Operation 163 [1/1] (0.00ns)   --->   "%br_ln250 = br void %if.end242" [../RISCV-RV32I-H1/riscv32i.cc:250]   --->   Operation 163 'br' 'br_ln250' <Predicate = (opcode == 35)> <Delay = 0.00>
ST_6 : Operation 164 [1/1] (1.78ns)   --->   "%icmp_ln251 = icmp_eq  i5 %rd, i5 0" [../RISCV-RV32I-H1/riscv32i.cc:251]   --->   Operation 164 'icmp' 'icmp_ln251' <Predicate = (opcode == 51) | (opcode == 23) | (opcode == 55) | (opcode == 111) | (opcode == 103) | (opcode == 3 & icmp_ln155) | (opcode == 19)> <Delay = 1.78> <CoreInst = "Cmp">   --->   Core 9 'Cmp' <Latency = 0> <II = 1> <Delay = 1.78> <FuncUnit> <Opcode : 'seteq' 'setne' 'setle' 'setge' 'setlt' 'setgt'> <InPorts = 2> <OutPorts = 1>
ST_6 : Operation 165 [1/1] (0.00ns)   --->   "%br_ln251 = br i1 %icmp_ln251, void %if.then238, void %if.end241" [../RISCV-RV32I-H1/riscv32i.cc:251]   --->   Operation 165 'br' 'br_ln251' <Predicate = (opcode == 51) | (opcode == 23) | (opcode == 55) | (opcode == 111) | (opcode == 103) | (opcode == 3 & icmp_ln155) | (opcode == 19)> <Delay = 0.00>
ST_6 : Operation 166 [1/1] (0.00ns)   --->   "%zext_ln252 = zext i5 %rd" [../RISCV-RV32I-H1/riscv32i.cc:252]   --->   Operation 166 'zext' 'zext_ln252' <Predicate = (opcode == 51 & !icmp_ln251) | (opcode == 23 & !icmp_ln251) | (opcode == 55 & !icmp_ln251) | (opcode == 111 & !icmp_ln251) | (opcode == 103 & !icmp_ln251) | (opcode == 3 & icmp_ln155 & !icmp_ln251) | (opcode == 19 & !icmp_ln251)> <Delay = 0.00>
ST_6 : Operation 167 [1/1] (0.00ns)   --->   "%reg_file_addr_2 = getelementptr i32 %reg_file, i64 0, i64 %zext_ln252" [../RISCV-RV32I-H1/riscv32i.cc:252]   --->   Operation 167 'getelementptr' 'reg_file_addr_2' <Predicate = (opcode == 51 & !icmp_ln251) | (opcode == 23 & !icmp_ln251) | (opcode == 55 & !icmp_ln251) | (opcode == 111 & !icmp_ln251) | (opcode == 103 & !icmp_ln251) | (opcode == 3 & icmp_ln155 & !icmp_ln251) | (opcode == 19 & !icmp_ln251)> <Delay = 0.00>
ST_6 : Operation 168 [1/1] ( I:3.25ns O:3.25ns )   --->   "%store_ln252 = store i32 %res_2, i5 %reg_file_addr_2" [../RISCV-RV32I-H1/riscv32i.cc:252]   --->   Operation 168 'store' 'store_ln252' <Predicate = (opcode == 51 & !icmp_ln251) | (opcode == 23 & !icmp_ln251) | (opcode == 55 & !icmp_ln251) | (opcode == 111 & !icmp_ln251) | (opcode == 103 & !icmp_ln251) | (opcode == 3 & icmp_ln155 & !icmp_ln251) | (opcode == 19 & !icmp_ln251)> <Delay = 3.25> <CoreInst = "RAM_1WnR">   --->   Core 82 'RAM_1WnR' <Latency = 1> <II = 1> <Delay = 3.25> <Storage> <Opcode : 'load' 'store'> <Ports = 17> <Width = 32> <Depth = 32> <RAM>
ST_6 : Operation 169 [1/1] (0.00ns)   --->   "%br_ln252 = br void %if.end241" [../RISCV-RV32I-H1/riscv32i.cc:252]   --->   Operation 169 'br' 'br_ln252' <Predicate = (opcode == 51 & !icmp_ln251) | (opcode == 23 & !icmp_ln251) | (opcode == 55 & !icmp_ln251) | (opcode == 111 & !icmp_ln251) | (opcode == 103 & !icmp_ln251) | (opcode == 3 & icmp_ln155 & !icmp_ln251) | (opcode == 19 & !icmp_ln251)> <Delay = 0.00>
ST_6 : Operation 170 [1/1] (0.00ns)   --->   "%br_ln0 = br void %if.end242"   --->   Operation 170 'br' 'br_ln0' <Predicate = (opcode == 51) | (opcode == 23) | (opcode == 55) | (opcode == 111) | (opcode == 99) | (opcode == 103) | (opcode == 3 & icmp_ln155) | (opcode == 19)> <Delay = 0.00>
ST_6 : Operation 171 [1/1] (1.87ns)   --->   "%icmp_ln13 = icmp_eq  i7 %opcode, i7 111" [../RISCV-RV32I-H1/riscv32i.cc:13]   --->   Operation 171 'icmp' 'icmp_ln13' <Predicate = (opcode == 51) | (opcode == 23) | (opcode == 55) | (opcode == 111) | (opcode == 99) | (opcode == 35) | (opcode == 103) | (opcode == 3 & icmp_ln155) | (opcode == 19)> <Delay = 1.87> <CoreInst = "Cmp">   --->   Core 9 'Cmp' <Latency = 0> <II = 1> <Delay = 1.87> <FuncUnit> <Opcode : 'seteq' 'setne' 'setle' 'setge' 'setlt' 'setgt'> <InPorts = 2> <OutPorts = 1>
ST_6 : Operation 172 [1/1] (1.87ns)   --->   "%icmp_ln13_1 = icmp_eq  i7 %opcode, i7 103" [../RISCV-RV32I-H1/riscv32i.cc:13]   --->   Operation 172 'icmp' 'icmp_ln13_1' <Predicate = (opcode == 51) | (opcode == 23) | (opcode == 55) | (opcode == 111) | (opcode == 99) | (opcode == 35) | (opcode == 103) | (opcode == 3 & icmp_ln155) | (opcode == 19)> <Delay = 1.87> <CoreInst = "Cmp">   --->   Core 9 'Cmp' <Latency = 0> <II = 1> <Delay = 1.87> <FuncUnit> <Opcode : 'seteq' 'setne' 'setle' 'setge' 'setlt' 'setgt'> <InPorts = 2> <OutPorts = 1>
ST_6 : Operation 173 [1/1] (0.00ns) (grouped into LUT with out node or_ln13_1)   --->   "%or_ln13 = or i1 %icmp_ln13_1, i1 %icmp_ln13" [../RISCV-RV32I-H1/riscv32i.cc:13]   --->   Operation 173 'or' 'or_ln13' <Predicate = (opcode == 51) | (opcode == 23) | (opcode == 55) | (opcode == 111) | (opcode == 99) | (opcode == 35) | (opcode == 103) | (opcode == 3 & icmp_ln155) | (opcode == 19)> <Delay = 0.00> <CoreInst = "LogicGate">   --->   Core 74 'LogicGate' <Latency = 0> <II = 1> <Delay = 0.97> <FuncUnit> <Opcode : 'and' 'or' 'xor'> <InPorts = 2> <OutPorts = 1>
ST_6 : Operation 174 [1/1] (1.87ns)   --->   "%icmp_ln13_2 = icmp_eq  i7 %opcode, i7 99" [../RISCV-RV32I-H1/riscv32i.cc:13]   --->   Operation 174 'icmp' 'icmp_ln13_2' <Predicate = (opcode == 51) | (opcode == 23) | (opcode == 55) | (opcode == 111) | (opcode == 99) | (opcode == 35) | (opcode == 103) | (opcode == 3 & icmp_ln155) | (opcode == 19)> <Delay = 1.87> <CoreInst = "Cmp">   --->   Core 9 'Cmp' <Latency = 0> <II = 1> <Delay = 1.87> <FuncUnit> <Opcode : 'seteq' 'setne' 'setle' 'setge' 'setlt' 'setgt'> <InPorts = 2> <OutPorts = 1>
ST_6 : Operation 175 [1/1] (0.97ns) (out node of the LUT)   --->   "%or_ln13_1 = or i1 %icmp_ln13_2, i1 %or_ln13" [../RISCV-RV32I-H1/riscv32i.cc:13]   --->   Operation 175 'or' 'or_ln13_1' <Predicate = (opcode == 51) | (opcode == 23) | (opcode == 55) | (opcode == 111) | (opcode == 99) | (opcode == 35) | (opcode == 103) | (opcode == 3 & icmp_ln155) | (opcode == 19)> <Delay = 0.97> <CoreInst = "LogicGate">   --->   Core 74 'LogicGate' <Latency = 0> <II = 1> <Delay = 0.97> <FuncUnit> <Opcode : 'and' 'or' 'xor'> <InPorts = 2> <OutPorts = 1>
ST_6 : Operation 176 [1/1] (0.00ns)   --->   "%br_ln13 = br i1 %or_ln13_1, void %if.end242.cleanup.cont_crit_edge, void %if.then247" [../RISCV-RV32I-H1/riscv32i.cc:13]   --->   Operation 176 'br' 'br_ln13' <Predicate = (opcode == 51) | (opcode == 23) | (opcode == 55) | (opcode == 111) | (opcode == 99) | (opcode == 35) | (opcode == 103) | (opcode == 3 & icmp_ln155) | (opcode == 19)> <Delay = 0.00>
ST_6 : Operation 177 [1/1] (1.70ns)   --->   "%store_ln26 = store i32 %pc_2, i32 %pc" [../RISCV-RV32I-H1/riscv32i.cc:26]   --->   Operation 177 'store' 'store_ln26' <Predicate = (opcode == 51 & !or_ln13_1) | (opcode == 23 & !or_ln13_1) | (opcode == 55 & !or_ln13_1) | (opcode == 111 & !or_ln13_1) | (opcode == 99 & !or_ln13_1) | (opcode == 35 & !or_ln13_1) | (opcode == 103 & !or_ln13_1) | (opcode == 3 & icmp_ln155 & !or_ln13_1) | (opcode == 19 & !or_ln13_1)> <Delay = 1.70>
ST_6 : Operation 178 [1/1] (0.00ns)   --->   "%br_ln0 = br void %cleanup.cont"   --->   Operation 178 'br' 'br_ln0' <Predicate = (opcode == 51 & !or_ln13_1) | (opcode == 23 & !or_ln13_1) | (opcode == 55 & !or_ln13_1) | (opcode == 111 & !or_ln13_1) | (opcode == 99 & !or_ln13_1) | (opcode == 35 & !or_ln13_1) | (opcode == 103 & !or_ln13_1) | (opcode == 3 & icmp_ln155 & !or_ln13_1) | (opcode == 19 & !or_ln13_1)> <Delay = 0.00>
ST_6 : Operation 179 [1/1] (0.00ns)   --->   "%trunc_ln256 = trunc i32 %pc_1" [../RISCV-RV32I-H1/riscv32i.cc:256]   --->   Operation 179 'trunc' 'trunc_ln256' <Predicate = (opcode == 51 & or_ln13_1) | (opcode == 23 & or_ln13_1) | (opcode == 55 & or_ln13_1) | (opcode == 111 & or_ln13_1) | (opcode == 99 & or_ln13_1) | (opcode == 35 & or_ln13_1) | (opcode == 103 & or_ln13_1) | (opcode == 3 & icmp_ln155 & or_ln13_1) | (opcode == 19 & or_ln13_1)> <Delay = 0.00>
ST_6 : Operation 180 [1/1] (1.56ns)   --->   "%icmp_ln256 = icmp_ne  i2 %trunc_ln256, i2 0" [../RISCV-RV32I-H1/riscv32i.cc:256]   --->   Operation 180 'icmp' 'icmp_ln256' <Predicate = (opcode == 51 & or_ln13_1) | (opcode == 23 & or_ln13_1) | (opcode == 55 & or_ln13_1) | (opcode == 111 & or_ln13_1) | (opcode == 99 & or_ln13_1) | (opcode == 35 & or_ln13_1) | (opcode == 103 & or_ln13_1) | (opcode == 3 & icmp_ln155 & or_ln13_1) | (opcode == 19 & or_ln13_1)> <Delay = 1.56> <CoreInst = "Cmp">   --->   Core 9 'Cmp' <Latency = 0> <II = 1> <Delay = 1.56> <FuncUnit> <Opcode : 'seteq' 'setne' 'setle' 'setge' 'setlt' 'setgt'> <InPorts = 2> <OutPorts = 1>
ST_6 : Operation 181 [1/1] (0.69ns)   --->   "%select_ln256 = select i1 %icmp_ln256, i32 %pc_1, i32 %res_j_1" [../RISCV-RV32I-H1/riscv32i.cc:256]   --->   Operation 181 'select' 'select_ln256' <Predicate = (opcode == 51 & or_ln13_1) | (opcode == 23 & or_ln13_1) | (opcode == 55 & or_ln13_1) | (opcode == 111 & or_ln13_1) | (opcode == 99 & or_ln13_1) | (opcode == 35 & or_ln13_1) | (opcode == 103 & or_ln13_1) | (opcode == 3 & icmp_ln155 & or_ln13_1) | (opcode == 19 & or_ln13_1)> <Delay = 0.69> <CoreInst = "Sel">   --->   Core 73 'Sel' <Latency = 0> <II = 1> <Delay = 0.69> <FuncUnit> <Opcode : 'select'> <InPorts = 3> <OutPorts = 1>
ST_6 : Operation 182 [1/1] (0.00ns)   --->   "%br_ln256 = br i1 %icmp_ln256, void %if.then247.cleanup.cont_crit_edge, void %cleanup295.loopexit.exitStub.loopexit" [../RISCV-RV32I-H1/riscv32i.cc:256]   --->   Operation 182 'br' 'br_ln256' <Predicate = (opcode == 51 & or_ln13_1) | (opcode == 23 & or_ln13_1) | (opcode == 55 & or_ln13_1) | (opcode == 111 & or_ln13_1) | (opcode == 99 & or_ln13_1) | (opcode == 35 & or_ln13_1) | (opcode == 103 & or_ln13_1) | (opcode == 3 & icmp_ln155 & or_ln13_1) | (opcode == 19 & or_ln13_1)> <Delay = 0.00>
ST_6 : Operation 183 [1/1] (1.70ns)   --->   "%store_ln26 = store i32 %select_ln256, i32 %pc" [../RISCV-RV32I-H1/riscv32i.cc:26]   --->   Operation 183 'store' 'store_ln26' <Predicate = (opcode == 51 & or_ln13_1 & !icmp_ln256) | (opcode == 23 & or_ln13_1 & !icmp_ln256) | (opcode == 55 & or_ln13_1 & !icmp_ln256) | (opcode == 111 & or_ln13_1 & !icmp_ln256) | (opcode == 99 & or_ln13_1 & !icmp_ln256) | (opcode == 35 & or_ln13_1 & !icmp_ln256) | (opcode == 103 & or_ln13_1 & !icmp_ln256) | (opcode == 3 & icmp_ln155 & or_ln13_1 & !icmp_ln256) | (opcode == 19 & or_ln13_1 & !icmp_ln256)> <Delay = 1.70>
ST_6 : Operation 184 [1/1] (0.00ns)   --->   "%br_ln0 = br void %cleanup.cont"   --->   Operation 184 'br' 'br_ln0' <Predicate = (opcode == 51 & or_ln13_1 & !icmp_ln256) | (opcode == 23 & or_ln13_1 & !icmp_ln256) | (opcode == 55 & or_ln13_1 & !icmp_ln256) | (opcode == 111 & or_ln13_1 & !icmp_ln256) | (opcode == 99 & or_ln13_1 & !icmp_ln256) | (opcode == 35 & or_ln13_1 & !icmp_ln256) | (opcode == 103 & or_ln13_1 & !icmp_ln256) | (opcode == 3 & icmp_ln155 & or_ln13_1 & !icmp_ln256) | (opcode == 19 & or_ln13_1 & !icmp_ln256)> <Delay = 0.00>
ST_6 : Operation 185 [1/1] (0.00ns)   --->   "%br_ln29 = br void %while.body" [../RISCV-RV32I-H1/riscv32i.cc:29]   --->   Operation 185 'br' 'br_ln29' <Predicate = (opcode == 51 & !icmp_ln256) | (opcode == 51 & !or_ln13_1) | (opcode == 23 & !icmp_ln256) | (opcode == 23 & !or_ln13_1) | (opcode == 55 & !icmp_ln256) | (opcode == 55 & !or_ln13_1) | (opcode == 111 & !icmp_ln256) | (opcode == 111 & !or_ln13_1) | (opcode == 99 & !icmp_ln256) | (opcode == 99 & !or_ln13_1) | (opcode == 35 & !icmp_ln256) | (opcode == 35 & !or_ln13_1) | (opcode == 103 & !icmp_ln256) | (opcode == 103 & !or_ln13_1) | (opcode == 3 & icmp_ln155 & !icmp_ln256) | (opcode == 3 & icmp_ln155 & !or_ln13_1) | (opcode == 19 & !icmp_ln256) | (opcode == 19 & !or_ln13_1)> <Delay = 0.00>

State 7 <SV = 6> <Delay = 1.58>
ST_7 : Operation 186 [1/1] (0.00ns)   --->   "%br_ln0 = br void %cleanup295.loopexit.exitStub"   --->   Operation 186 'br' 'br_ln0' <Predicate = (opcode == 51) | (opcode == 23) | (opcode == 55) | (opcode == 111) | (opcode == 99) | (opcode == 35) | (opcode == 103) | (opcode == 3 & icmp_ln155) | (opcode == 19)> <Delay = 0.00>
ST_7 : Operation 187 [1/1] (1.58ns)   --->   "%ret_ln0 = ret"   --->   Operation 187 'ret' 'ret_ln0' <Predicate = true> <Delay = 1.58>

State 8 <SV = 5> <Delay = 0.00>
ST_8 : Operation 188 [1/1] (0.00ns)   --->   "%br_ln0 = br void %cleanup295.loopexit.exitStub"   --->   Operation 188 'br' 'br_ln0' <Predicate = true> <Delay = 0.00>


============================================================
+ Verbose Summary: Binding
============================================================
STG Binding: 
---------------- STG Properties BEGIN ----------------
- Is combinational: 0
- Is one-state seq: 0
- Is datapath-only: 0
- Is pipelined: 0
- Is top level: 0
Port [ Return ] is wired: 1; IO mode=ap_ctrl_hs:ce=0
Port [ mem]:  wired=1; compound=1; hidden=0; nouse=0; global=0; static=0; extern=0; dir=2; type=1; pingpong=0; private_global=0; MemPort=[23]; IO mode=ap_memory:ce=0
Port [ reg_file]:  wired=1; compound=1; hidden=0; nouse=0; global=0; static=0; extern=0; dir=2; type=1; pingpong=0; private_global=0; MemPort=[21333333333333333]; IO mode=ap_memory:ce=0
Port [ pstrb]:  wired=1; compound=0; hidden=0; nouse=0; global=0; static=0; extern=0; dir=1; type=0; pingpong=0; private_global=0; IO mode=ap_vld:ce=0
---------------- STG Properties END ------------------

---------------- Datapath Model BEGIN ----------------

<LifeTime>
<method=bitvector/>
pc                (alloca        ) [ 011111100]
specinterface_ln0 (specinterface ) [ 000000000]
store_ln26        (store         ) [ 000000000]
br_ln0            (br            ) [ 000000000]
pc_1              (load          ) [ 000111100]
lshr_ln           (partselect    ) [ 000000000]
zext_ln34         (zext          ) [ 000000000]
mem_addr          (getelementptr ) [ 000100000]
specpipeline_ln26 (specpipeline  ) [ 000000000]
specloopname_ln29 (specloopname  ) [ 000000000]
insn              (load          ) [ 000000000]
opcode            (trunc         ) [ 001111111]
rd                (partselect    ) [ 000011100]
rs1               (partselect    ) [ 000000000]
rs2               (partselect    ) [ 000000000]
func3             (partselect    ) [ 000011100]
func7             (partselect    ) [ 000000000]
icmp_ln47         (icmp          ) [ 000000000]
func7_1           (select        ) [ 000000000]
funcx             (bitconcatenate) [ 000011100]
immI              (partselect    ) [ 000000000]
sext_ln53         (sext          ) [ 001111100]
tmp               (bitselect     ) [ 000000000]
tmp_1             (partselect    ) [ 000000000]
tmp_2             (partselect    ) [ 000000000]
tmp_3             (partselect    ) [ 000000000]
immS              (bitconcatenate) [ 000000000]
sext_ln55         (sext          ) [ 001111100]
tmp_5             (partselect    ) [ 000000000]
tmp_4             (bitselect     ) [ 000000000]
imm_2             (bitconcatenate) [ 000000000]
sext_ln57         (sext          ) [ 001111100]
tmp_s             (partselect    ) [ 000000000]
tmp_6             (bitselect     ) [ 000000000]
tmp_9             (partselect    ) [ 000000000]
imm_3             (bitconcatenate) [ 001111100]
tmp_7             (partselect    ) [ 000000000]
imm_4             (bitconcatenate) [ 001111100]
switch_ln67       (switch        ) [ 001111100]
br_ln89           (br            ) [ 001111100]
br_ln84           (br            ) [ 001111100]
br_ln80           (br            ) [ 001111100]
br_ln76           (br            ) [ 001111100]
br_ln72           (br            ) [ 001111100]
zext_ln94         (zext          ) [ 000000000]
reg_file_addr     (getelementptr ) [ 000010000]
tmp_8             (partselect    ) [ 000000000]
trunc_ln95        (trunc         ) [ 000000000]
or_ln             (bitconcatenate) [ 000000000]
icmp_ln95         (icmp          ) [ 001111100]
zext_ln95         (zext          ) [ 000000000]
reg_file_addr_1   (getelementptr ) [ 000010000]
imm_5             (phi           ) [ 000011000]
src1              (load          ) [ 000001000]
br_ln95           (br            ) [ 001111100]
reg_file_load     (load          ) [ 001111100]
br_ln95           (br            ) [ 001111100]
src2              (phi           ) [ 000001100]
addr              (add           ) [ 001111100]
trunc_ln99        (trunc         ) [ 000000100]
res_b             (add           ) [ 001111100]
pc_2              (add           ) [ 001111100]
imm12             (shl           ) [ 001111100]
switch_ln113      (switch        ) [ 001111100]
br_ln227          (br            ) [ 001111100]
br_ln222          (br            ) [ 001111100]
switch_ln196      (switch        ) [ 001111100]
icmp_ln213        (icmp          ) [ 000000000]
xor_ln213         (xor           ) [ 000000000]
res_j_8           (select        ) [ 001111100]
br_ln214          (br            ) [ 001111100]
icmp_ln210        (icmp          ) [ 000000000]
res_j_7           (select        ) [ 001111100]
br_ln211          (br            ) [ 001111100]
icmp_ln207        (icmp          ) [ 000000000]
xor_ln207         (xor           ) [ 000000000]
res_j_6           (select        ) [ 001111100]
br_ln208          (br            ) [ 001111100]
icmp_ln204        (icmp          ) [ 000000000]
res_j_5           (select        ) [ 001111100]
br_ln205          (br            ) [ 001111100]
icmp_ln201        (icmp          ) [ 000000000]
res_j_4           (select        ) [ 001111100]
br_ln202          (br            ) [ 001111100]
icmp_ln198        (icmp          ) [ 000000000]
res_j_3           (select        ) [ 001111100]
br_ln199          (br            ) [ 001111100]
switch_ln180      (switch        ) [ 000000000]
write_ln188       (write         ) [ 000000000]
br_ln189          (br            ) [ 000000000]
write_ln185       (write         ) [ 000000000]
br_ln186          (br            ) [ 000000000]
write_ln182       (write         ) [ 000000000]
br_ln183          (br            ) [ 000000000]
br_ln193          (br            ) [ 001111100]
icmp_ln155        (icmp          ) [ 001111111]
br_ln155          (br            ) [ 000000000]
lshr_ln1          (partselect    ) [ 000000000]
zext_ln159        (zext          ) [ 000000000]
mem_addr_1        (getelementptr ) [ 000000100]
switch_ln160      (switch        ) [ 001111100]
switch_ln120      (switch        ) [ 001111100]
res_12            (icmp          ) [ 000000000]
zext_ln149        (zext          ) [ 001111100]
br_ln150          (br            ) [ 001111100]
res_11            (icmp          ) [ 000000000]
zext_ln146        (zext          ) [ 001111100]
br_ln147          (br            ) [ 001111100]
res_10            (ashr          ) [ 001111100]
res_9             (lshr          ) [ 001111100]
res_8             (shl           ) [ 001111100]
res_7             (and           ) [ 001111100]
br_ln135          (br            ) [ 001111100]
res_6             (or            ) [ 001111100]
br_ln132          (br            ) [ 001111100]
res_5             (xor           ) [ 001111100]
br_ln129          (br            ) [ 001111100]
res_4             (sub           ) [ 001111100]
br_ln126          (br            ) [ 001111100]
res_3             (add           ) [ 001111100]
br_ln123          (br            ) [ 001111100]
res               (add           ) [ 001111100]
br_ln235          (br            ) [ 001111100]
val               (load          ) [ 000000000]
br_ln175          (br            ) [ 000000000]
res_16            (trunc         ) [ 000000000]
zext_ln171        (zext          ) [ 000000000]
br_ln172          (br            ) [ 000000000]
res_15            (trunc         ) [ 000000000]
zext_ln168        (zext          ) [ 000000000]
br_ln169          (br            ) [ 000000000]
res_14            (trunc         ) [ 000000000]
sext_ln165        (sext          ) [ 000000000]
br_ln166          (br            ) [ 000000000]
res_13            (trunc         ) [ 000000000]
sext_ln162        (sext          ) [ 000000000]
br_ln163          (br            ) [ 000000000]
br_ln144          (br            ) [ 000000000]
br_ln141          (br            ) [ 000000000]
br_ln138          (br            ) [ 000000000]
res_2             (phi           ) [ 000000100]
res_j_1           (phi           ) [ 000000100]
switch_ln243      (switch        ) [ 000000000]
icmp_ln244        (icmp          ) [ 001111100]
br_ln244          (br            ) [ 000000000]
lshr_ln2          (partselect    ) [ 000000000]
zext_ln248        (zext          ) [ 000000000]
mem_addr_2        (getelementptr ) [ 000000000]
store_ln248       (store         ) [ 000000000]
br_ln0            (br            ) [ 000000000]
br_ln250          (br            ) [ 000000000]
icmp_ln251        (icmp          ) [ 001111100]
br_ln251          (br            ) [ 000000000]
zext_ln252        (zext          ) [ 000000000]
reg_file_addr_2   (getelementptr ) [ 000000000]
store_ln252       (store         ) [ 000000000]
br_ln252          (br            ) [ 000000000]
br_ln0            (br            ) [ 000000000]
icmp_ln13         (icmp          ) [ 000000000]
icmp_ln13_1       (icmp          ) [ 000000000]
or_ln13           (or            ) [ 000000000]
icmp_ln13_2       (icmp          ) [ 000000000]
or_ln13_1         (or            ) [ 001111100]
br_ln13           (br            ) [ 000000000]
store_ln26        (store         ) [ 000000000]
br_ln0            (br            ) [ 000000000]
trunc_ln256       (trunc         ) [ 000000000]
icmp_ln256        (icmp          ) [ 001111100]
select_ln256      (select        ) [ 000000000]
br_ln256          (br            ) [ 000000000]
store_ln26        (store         ) [ 000000000]
br_ln0            (br            ) [ 000000000]
br_ln29           (br            ) [ 000000000]
br_ln0            (br            ) [ 000000000]
ret_ln0           (ret           ) [ 000000000]
br_ln0            (br            ) [ 000000000]
</LifeTime>

<model>

<comp_list>
<comp id="0" class="1000" name="mem">
<pin_list>
<pin id="1" dir="1" index="0" bw="1" slack="0"/>
</pin_list>
<bind>
<StgValue><ssdm name="mem"/><MemPortTyVec>2 3 </MemPortTyVec>
</StgValue>
</bind>
</comp>

<comp id="2" class="1000" name="reg_file">
<pin_list>
<pin id="3" dir="1" index="0" bw="1" slack="0"/>
</pin_list>
<bind>
<StgValue><ssdm name="reg_file"/><MemPortTyVec>2 1 3 3 3 3 3 3 3 3 3 3 3 3 3 3 3 </MemPortTyVec>
</StgValue>
</bind>
</comp>

<comp id="4" class="1000" name="pstrb">
<pin_list>
<pin id="5" dir="1" index="0" bw="1" slack="0"/>
</pin_list>
<bind>
<StgValue><ssdm name="pstrb"/></StgValue>
</bind>
</comp>

<comp id="6" class="1001" name="const_6">
<pin_list>
<pin id="7" dir="1" index="0" bw="1" slack="0"/>
</pin_list>
<bind>
<StgValue><ssdm name=""/></StgValue>
</bind>
</comp>

<comp id="8" class="1001" name="const_8">
<pin_list>
<pin id="9" dir="1" index="0" bw="1" slack="2147483647"/>
</pin_list>
<bind>
<StgValue><ssdm name="_ssdm_op_SpecInterface"/></StgValue>
</bind>
</comp>

<comp id="10" class="1001" name="const_10">
<pin_list>
<pin id="11" dir="1" index="0" bw="1" slack="2147483647"/>
</pin_list>
<bind>
<StgValue><ssdm name="empty"/></StgValue>
</bind>
</comp>

<comp id="12" class="1001" name="const_12">
<pin_list>
<pin id="13" dir="1" index="0" bw="1" slack="0"/>
</pin_list>
<bind>
<StgValue><ssdm name=""/></StgValue>
</bind>
</comp>

<comp id="14" class="1001" name="const_14">
<pin_list>
<pin id="15" dir="1" index="0" bw="1" slack="2147483647"/>
</pin_list>
<bind>
<StgValue><ssdm name="empty_0"/></StgValue>
</bind>
</comp>

<comp id="16" class="1001" name="const_16">
<pin_list>
<pin id="17" dir="1" index="0" bw="1" slack="2147483647"/>
</pin_list>
<bind>
<StgValue><ssdm name=""/></StgValue>
</bind>
</comp>

<comp id="18" class="1001" name="const_18">
<pin_list>
<pin id="19" dir="1" index="0" bw="1" slack="0"/>
</pin_list>
<bind>
<StgValue><ssdm name="_ssdm_op_PartSelect.i10.i32.i32.i32"/></StgValue>
</bind>
</comp>

<comp id="20" class="1001" name="const_20">
<pin_list>
<pin id="21" dir="1" index="0" bw="1" slack="0"/>
</pin_list>
<bind>
<StgValue><ssdm name=""/></StgValue>
</bind>
</comp>

<comp id="22" class="1001" name="const_22">
<pin_list>
<pin id="23" dir="1" index="0" bw="1" slack="0"/>
</pin_list>
<bind>
<StgValue><ssdm name=""/></StgValue>
</bind>
</comp>

<comp id="24" class="1001" name="const_24">
<pin_list>
<pin id="25" dir="1" index="0" bw="1" slack="0"/>
</pin_list>
<bind>
<StgValue><ssdm name=""/></StgValue>
</bind>
</comp>

<comp id="26" class="1001" name="const_26">
<pin_list>
<pin id="27" dir="1" index="0" bw="1" slack="2147483647"/>
</pin_list>
<bind>
<StgValue><ssdm name="_ssdm_op_SpecPipeline"/></StgValue>
</bind>
</comp>

<comp id="28" class="1001" name="const_28">
<pin_list>
<pin id="29" dir="1" index="0" bw="1" slack="2147483647"/>
</pin_list>
<bind>
<StgValue><ssdm name="_ssdm_op_SpecLoopName"/></StgValue>
</bind>
</comp>

<comp id="30" class="1001" name="const_30">
<pin_list>
<pin id="31" dir="1" index="0" bw="1" slack="2147483647"/>
</pin_list>
<bind>
<StgValue><ssdm name="empty_3"/></StgValue>
</bind>
</comp>

<comp id="32" class="1001" name="const_32">
<pin_list>
<pin id="33" dir="1" index="0" bw="1" slack="0"/>
</pin_list>
<bind>
<StgValue><ssdm name="_ssdm_op_PartSelect.i5.i32.i32"/></StgValue>
</bind>
</comp>

<comp id="34" class="1001" name="const_34">
<pin_list>
<pin id="35" dir="1" index="0" bw="1" slack="0"/>
</pin_list>
<bind>
<StgValue><ssdm name=""/></StgValue>
</bind>
</comp>

<comp id="36" class="1001" name="const_36">
<pin_list>
<pin id="37" dir="1" index="0" bw="1" slack="0"/>
</pin_list>
<bind>
<StgValue><ssdm name=""/></StgValue>
</bind>
</comp>

<comp id="38" class="1001" name="const_38">
<pin_list>
<pin id="39" dir="1" index="0" bw="1" slack="0"/>
</pin_list>
<bind>
<StgValue><ssdm name=""/></StgValue>
</bind>
</comp>

<comp id="40" class="1001" name="const_40">
<pin_list>
<pin id="41" dir="1" index="0" bw="1" slack="0"/>
</pin_list>
<bind>
<StgValue><ssdm name="_ssdm_op_PartSelect.i3.i32.i32"/></StgValue>
</bind>
</comp>

<comp id="42" class="1001" name="const_42">
<pin_list>
<pin id="43" dir="1" index="0" bw="1" slack="0"/>
</pin_list>
<bind>
<StgValue><ssdm name=""/></StgValue>
</bind>
</comp>

<comp id="44" class="1001" name="const_44">
<pin_list>
<pin id="45" dir="1" index="0" bw="1" slack="0"/>
</pin_list>
<bind>
<StgValue><ssdm name="_ssdm_op_PartSelect.i7.i32.i32"/></StgValue>
</bind>
</comp>

<comp id="46" class="1001" name="const_46">
<pin_list>
<pin id="47" dir="1" index="0" bw="1" slack="0"/>
</pin_list>
<bind>
<StgValue><ssdm name=""/></StgValue>
</bind>
</comp>

<comp id="48" class="1001" name="const_48">
<pin_list>
<pin id="49" dir="1" index="0" bw="1" slack="0"/>
</pin_list>
<bind>
<StgValue><ssdm name=""/></StgValue>
</bind>
</comp>

<comp id="50" class="1001" name="const_50">
<pin_list>
<pin id="51" dir="1" index="0" bw="1" slack="0"/>
</pin_list>
<bind>
<StgValue><ssdm name=""/></StgValue>
</bind>
</comp>

<comp id="52" class="1001" name="const_52">
<pin_list>
<pin id="53" dir="1" index="0" bw="1" slack="0"/>
</pin_list>
<bind>
<StgValue><ssdm name="_ssdm_op_BitConcatenate.i10.i7.i3"/></StgValue>
</bind>
</comp>

<comp id="54" class="1001" name="const_54">
<pin_list>
<pin id="55" dir="1" index="0" bw="1" slack="0"/>
</pin_list>
<bind>
<StgValue><ssdm name="_ssdm_op_PartSelect.i12.i32.i32.i32"/></StgValue>
</bind>
</comp>

<comp id="56" class="1001" name="const_56">
<pin_list>
<pin id="57" dir="1" index="0" bw="1" slack="0"/>
</pin_list>
<bind>
<StgValue><ssdm name=""/></StgValue>
</bind>
</comp>

<comp id="58" class="1001" name="const_58">
<pin_list>
<pin id="59" dir="1" index="0" bw="1" slack="0"/>
</pin_list>
<bind>
<StgValue><ssdm name="_ssdm_op_BitSelect.i1.i32.i32"/></StgValue>
</bind>
</comp>

<comp id="60" class="1001" name="const_60">
<pin_list>
<pin id="61" dir="1" index="0" bw="1" slack="0"/>
</pin_list>
<bind>
<StgValue><ssdm name="_ssdm_op_PartSelect.i4.i32.i32"/></StgValue>
</bind>
</comp>

<comp id="62" class="1001" name="const_62">
<pin_list>
<pin id="63" dir="1" index="0" bw="1" slack="0"/>
</pin_list>
<bind>
<StgValue><ssdm name=""/></StgValue>
</bind>
</comp>

<comp id="64" class="1001" name="const_64">
<pin_list>
<pin id="65" dir="1" index="0" bw="1" slack="0"/>
</pin_list>
<bind>
<StgValue><ssdm name="_ssdm_op_PartSelect.i7.i32.i32.i32"/></StgValue>
</bind>
</comp>

<comp id="66" class="1001" name="const_66">
<pin_list>
<pin id="67" dir="1" index="0" bw="1" slack="0"/>
</pin_list>
<bind>
<StgValue><ssdm name="_ssdm_op_PartSelect.i5.i32.i32.i32"/></StgValue>
</bind>
</comp>

<comp id="68" class="1001" name="const_68">
<pin_list>
<pin id="69" dir="1" index="0" bw="1" slack="0"/>
</pin_list>
<bind>
<StgValue><ssdm name="_ssdm_op_BitConcatenate.i12.i7.i5"/></StgValue>
</bind>
</comp>

<comp id="70" class="1001" name="const_70">
<pin_list>
<pin id="71" dir="1" index="0" bw="1" slack="0"/>
</pin_list>
<bind>
<StgValue><ssdm name="_ssdm_op_PartSelect.i6.i32.i32.i32"/></StgValue>
</bind>
</comp>

<comp id="72" class="1001" name="const_72">
<pin_list>
<pin id="73" dir="1" index="0" bw="1" slack="0"/>
</pin_list>
<bind>
<StgValue><ssdm name=""/></StgValue>
</bind>
</comp>

<comp id="74" class="1001" name="const_74">
<pin_list>
<pin id="75" dir="1" index="0" bw="1" slack="0"/>
</pin_list>
<bind>
<StgValue><ssdm name="_ssdm_op_BitConcatenate.i13.i1.i1.i6.i4.i1"/></StgValue>
</bind>
</comp>

<comp id="76" class="1001" name="const_76">
<pin_list>
<pin id="77" dir="1" index="0" bw="1" slack="0"/>
</pin_list>
<bind>
<StgValue><ssdm name=""/></StgValue>
</bind>
</comp>

<comp id="78" class="1001" name="const_78">
<pin_list>
<pin id="79" dir="1" index="0" bw="1" slack="0"/>
</pin_list>
<bind>
<StgValue><ssdm name="_ssdm_op_PartSelect.i10.i32.i32"/></StgValue>
</bind>
</comp>

<comp id="80" class="1001" name="const_80">
<pin_list>
<pin id="81" dir="1" index="0" bw="1" slack="0"/>
</pin_list>
<bind>
<StgValue><ssdm name=""/></StgValue>
</bind>
</comp>

<comp id="82" class="1001" name="const_82">
<pin_list>
<pin id="83" dir="1" index="0" bw="1" slack="0"/>
</pin_list>
<bind>
<StgValue><ssdm name="_ssdm_op_PartSelect.i8.i32.i32"/></StgValue>
</bind>
</comp>

<comp id="84" class="1001" name="const_84">
<pin_list>
<pin id="85" dir="1" index="0" bw="1" slack="0"/>
</pin_list>
<bind>
<StgValue><ssdm name="_ssdm_op_BitConcatenate.i32.i1.i1.i1.i1.i1.i1.i1.i1.i1.i1.i1.i1.i8.i1.i10.i1"/></StgValue>
</bind>
</comp>

<comp id="86" class="1001" name="const_86">
<pin_list>
<pin id="87" dir="1" index="0" bw="1" slack="0"/>
</pin_list>
<bind>
<StgValue><ssdm name="_ssdm_op_PartSelect.i20.i32.i32"/></StgValue>
</bind>
</comp>

<comp id="88" class="1001" name="const_88">
<pin_list>
<pin id="89" dir="1" index="0" bw="1" slack="0"/>
</pin_list>
<bind>
<StgValue><ssdm name="_ssdm_op_BitConcatenate.i32.i20.i12"/></StgValue>
</bind>
</comp>

<comp id="90" class="1001" name="const_90">
<pin_list>
<pin id="91" dir="1" index="0" bw="1" slack="0"/>
</pin_list>
<bind>
<StgValue><ssdm name=""/></StgValue>
</bind>
</comp>

<comp id="92" class="1001" name="const_92">
<pin_list>
<pin id="93" dir="1" index="0" bw="1" slack="0"/>
</pin_list>
<bind>
<StgValue><ssdm name=""/></StgValue>
</bind>
</comp>

<comp id="94" class="1001" name="const_94">
<pin_list>
<pin id="95" dir="1" index="0" bw="1" slack="0"/>
</pin_list>
<bind>
<StgValue><ssdm name=""/></StgValue>
</bind>
</comp>

<comp id="96" class="1001" name="const_96">
<pin_list>
<pin id="97" dir="1" index="0" bw="1" slack="0"/>
</pin_list>
<bind>
<StgValue><ssdm name=""/></StgValue>
</bind>
</comp>

<comp id="98" class="1001" name="const_98">
<pin_list>
<pin id="99" dir="1" index="0" bw="1" slack="0"/>
</pin_list>
<bind>
<StgValue><ssdm name=""/></StgValue>
</bind>
</comp>

<comp id="100" class="1001" name="const_100">
<pin_list>
<pin id="101" dir="1" index="0" bw="1" slack="0"/>
</pin_list>
<bind>
<StgValue><ssdm name=""/></StgValue>
</bind>
</comp>

<comp id="102" class="1001" name="const_102">
<pin_list>
<pin id="103" dir="1" index="0" bw="1" slack="0"/>
</pin_list>
<bind>
<StgValue><ssdm name=""/></StgValue>
</bind>
</comp>

<comp id="104" class="1001" name="const_104">
<pin_list>
<pin id="105" dir="1" index="0" bw="1" slack="0"/>
</pin_list>
<bind>
<StgValue><ssdm name=""/></StgValue>
</bind>
</comp>

<comp id="106" class="1001" name="const_106">
<pin_list>
<pin id="107" dir="1" index="0" bw="1" slack="0"/>
</pin_list>
<bind>
<StgValue><ssdm name=""/></StgValue>
</bind>
</comp>

<comp id="108" class="1001" name="const_108">
<pin_list>
<pin id="109" dir="1" index="0" bw="1" slack="0"/>
</pin_list>
<bind>
<StgValue><ssdm name="_ssdm_op_PartSelect.i2.i32.i32.i32"/></StgValue>
</bind>
</comp>

<comp id="110" class="1001" name="const_110">
<pin_list>
<pin id="111" dir="1" index="0" bw="1" slack="0"/>
</pin_list>
<bind>
<StgValue><ssdm name=""/></StgValue>
</bind>
</comp>

<comp id="112" class="1001" name="const_112">
<pin_list>
<pin id="113" dir="1" index="0" bw="1" slack="0"/>
</pin_list>
<bind>
<StgValue><ssdm name=""/></StgValue>
</bind>
</comp>

<comp id="114" class="1001" name="const_114">
<pin_list>
<pin id="115" dir="1" index="0" bw="1" slack="0"/>
</pin_list>
<bind>
<StgValue><ssdm name="_ssdm_op_BitConcatenate.i7.i2.i1.i4"/></StgValue>
</bind>
</comp>

<comp id="116" class="1001" name="const_116">
<pin_list>
<pin id="117" dir="1" index="0" bw="1" slack="0"/>
</pin_list>
<bind>
<StgValue><ssdm name=""/></StgValue>
</bind>
</comp>

<comp id="118" class="1001" name="const_118">
<pin_list>
<pin id="119" dir="1" index="0" bw="1" slack="0"/>
</pin_list>
<bind>
<StgValue><ssdm name=""/></StgValue>
</bind>
</comp>

<comp id="120" class="1001" name="const_120">
<pin_list>
<pin id="121" dir="1" index="0" bw="1" slack="0"/>
</pin_list>
<bind>
<StgValue><ssdm name=""/></StgValue>
</bind>
</comp>

<comp id="122" class="1001" name="const_122">
<pin_list>
<pin id="123" dir="1" index="0" bw="1" slack="0"/>
</pin_list>
<bind>
<StgValue><ssdm name=""/></StgValue>
</bind>
</comp>

<comp id="124" class="1001" name="const_124">
<pin_list>
<pin id="125" dir="1" index="0" bw="1" slack="0"/>
</pin_list>
<bind>
<StgValue><ssdm name=""/></StgValue>
</bind>
</comp>

<comp id="126" class="1001" name="const_126">
<pin_list>
<pin id="127" dir="1" index="0" bw="1" slack="0"/>
</pin_list>
<bind>
<StgValue><ssdm name=""/></StgValue>
</bind>
</comp>

<comp id="128" class="1001" name="const_128">
<pin_list>
<pin id="129" dir="1" index="0" bw="1" slack="0"/>
</pin_list>
<bind>
<StgValue><ssdm name=""/></StgValue>
</bind>
</comp>

<comp id="130" class="1001" name="const_130">
<pin_list>
<pin id="131" dir="1" index="0" bw="1" slack="0"/>
</pin_list>
<bind>
<StgValue><ssdm name=""/></StgValue>
</bind>
</comp>

<comp id="132" class="1001" name="const_132">
<pin_list>
<pin id="133" dir="1" index="0" bw="1" slack="0"/>
</pin_list>
<bind>
<StgValue><ssdm name=""/></StgValue>
</bind>
</comp>

<comp id="134" class="1001" name="const_134">
<pin_list>
<pin id="135" dir="1" index="0" bw="1" slack="0"/>
</pin_list>
<bind>
<StgValue><ssdm name="_ssdm_op_Write.ap_auto.volatile.i4P0A"/></StgValue>
</bind>
</comp>

<comp id="136" class="1001" name="const_136">
<pin_list>
<pin id="137" dir="1" index="0" bw="1" slack="0"/>
</pin_list>
<bind>
<StgValue><ssdm name=""/></StgValue>
</bind>
</comp>

<comp id="138" class="1001" name="const_138">
<pin_list>
<pin id="139" dir="1" index="0" bw="1" slack="0"/>
</pin_list>
<bind>
<StgValue><ssdm name=""/></StgValue>
</bind>
</comp>

<comp id="140" class="1001" name="const_140">
<pin_list>
<pin id="141" dir="1" index="0" bw="1" slack="0"/>
</pin_list>
<bind>
<StgValue><ssdm name=""/></StgValue>
</bind>
</comp>

<comp id="142" class="1001" name="const_142">
<pin_list>
<pin id="143" dir="1" index="0" bw="1" slack="0"/>
</pin_list>
<bind>
<StgValue><ssdm name=""/></StgValue>
</bind>
</comp>

<comp id="144" class="1001" name="const_144">
<pin_list>
<pin id="145" dir="1" index="0" bw="1" slack="0"/>
</pin_list>
<bind>
<StgValue><ssdm name=""/></StgValue>
</bind>
</comp>

<comp id="146" class="1001" name="const_146">
<pin_list>
<pin id="147" dir="1" index="0" bw="1" slack="0"/>
</pin_list>
<bind>
<StgValue><ssdm name=""/></StgValue>
</bind>
</comp>

<comp id="148" class="1001" name="const_148">
<pin_list>
<pin id="149" dir="1" index="0" bw="1" slack="0"/>
</pin_list>
<bind>
<StgValue><ssdm name=""/></StgValue>
</bind>
</comp>

<comp id="150" class="1001" name="const_150">
<pin_list>
<pin id="151" dir="1" index="0" bw="1" slack="0"/>
</pin_list>
<bind>
<StgValue><ssdm name=""/></StgValue>
</bind>
</comp>

<comp id="152" class="1001" name="const_152">
<pin_list>
<pin id="153" dir="1" index="0" bw="1" slack="0"/>
</pin_list>
<bind>
<StgValue><ssdm name=""/></StgValue>
</bind>
</comp>

<comp id="154" class="1001" name="const_154">
<pin_list>
<pin id="155" dir="1" index="0" bw="1" slack="0"/>
</pin_list>
<bind>
<StgValue><ssdm name=""/></StgValue>
</bind>
</comp>

<comp id="156" class="1001" name="const_156">
<pin_list>
<pin id="157" dir="1" index="0" bw="1" slack="0"/>
</pin_list>
<bind>
<StgValue><ssdm name=""/></StgValue>
</bind>
</comp>

<comp id="158" class="1001" name="const_158">
<pin_list>
<pin id="159" dir="1" index="0" bw="1" slack="0"/>
</pin_list>
<bind>
<StgValue><ssdm name=""/></StgValue>
</bind>
</comp>

<comp id="160" class="1001" name="const_160">
<pin_list>
<pin id="161" dir="1" index="0" bw="1" slack="0"/>
</pin_list>
<bind>
<StgValue><ssdm name=""/></StgValue>
</bind>
</comp>

<comp id="162" class="1001" name="const_162">
<pin_list>
<pin id="163" dir="1" index="0" bw="1" slack="0"/>
</pin_list>
<bind>
<StgValue><ssdm name=""/></StgValue>
</bind>
</comp>

<comp id="164" class="1001" name="const_164">
<pin_list>
<pin id="165" dir="1" index="0" bw="1" slack="0"/>
</pin_list>
<bind>
<StgValue><ssdm name=""/></StgValue>
</bind>
</comp>

<comp id="166" class="1004" name="pc_fu_166">
<pin_list>
<pin id="167" dir="0" index="0" bw="1" slack="0"/>
<pin id="168" dir="1" index="1" bw="32" slack="0"/>
</pin_list>
<bind>
<opcode="alloca(26) " fcode="alloca"/>
<opset="pc/1 "/>
</bind>
</comp>

<comp id="170" class="1004" name="grp_write_fu_170">
<pin_list>
<pin id="171" dir="0" index="0" bw="0" slack="0"/>
<pin id="172" dir="0" index="1" bw="4" slack="0"/>
<pin id="173" dir="0" index="2" bw="3" slack="0"/>
<pin id="174" dir="1" index="3" bw="0" slack="2147483647"/>
</pin_list>
<bind>
<opcode="write(1151) " fcode="write"/>
<opset="write_ln188/5 write_ln185/5 write_ln182/5 "/>
</bind>
</comp>

<comp id="180" class="1004" name="mem_addr_gep_fu_180">
<pin_list>
<pin id="181" dir="0" index="0" bw="32" slack="0"/>
<pin id="182" dir="0" index="1" bw="1" slack="0"/>
<pin id="183" dir="0" index="2" bw="10" slack="0"/>
<pin id="184" dir="1" index="3" bw="10" slack="0"/>
</pin_list>
<bind>
<opcode="getelementptr(29) " fcode="getelementptr"/>
<opset="mem_addr/2 "/>
</bind>
</comp>

<comp id="187" class="1004" name="grp_access_fu_187">
<pin_list>
<pin id="188" dir="0" index="0" bw="10" slack="0"/>
<pin id="189" dir="0" index="1" bw="32" slack="0"/>
<pin id="190" dir="0" index="2" bw="0" slack="2147483647"/>
<pin id="191" dir="1" index="3" bw="32" slack="0"/>
</pin_list>
<bind>
<opcode="load(27) store(28) " fcode="store"/>
<opset="insn/2 val/5 store_ln248/6 "/>
</bind>
</comp>

<comp id="193" class="1004" name="reg_file_addr_gep_fu_193">
<pin_list>
<pin id="194" dir="0" index="0" bw="32" slack="0"/>
<pin id="195" dir="0" index="1" bw="1" slack="0"/>
<pin id="196" dir="0" index="2" bw="5" slack="0"/>
<pin id="197" dir="1" index="3" bw="5" slack="0"/>
</pin_list>
<bind>
<opcode="getelementptr(29) " fcode="getelementptr"/>
<opset="reg_file_addr/3 "/>
</bind>
</comp>

<comp id="200" class="1004" name="grp_access_fu_200">
<pin_list>
<pin id="201" dir="0" index="0" bw="5" slack="0"/>
<pin id="202" dir="0" index="1" bw="32" slack="0"/>
<pin id="203" dir="0" index="2" bw="0" slack="0"/>
<pin id="205" dir="0" index="4" bw="5" slack="2147483647"/>
<pin id="206" dir="0" index="5" bw="32" slack="2147483647"/>
<pin id="207" dir="0" index="6" bw="0" slack="2147483647"/>
<pin id="204" dir="1" index="3" bw="32" slack="1"/>
<pin id="208" dir="1" index="7" bw="32" slack="1"/>
</pin_list>
<bind>
<opcode="load(27) store(28) " fcode="store"/>
<opset="src1/3 reg_file_load/3 store_ln252/6 "/>
</bind>
</comp>

<comp id="210" class="1004" name="reg_file_addr_1_gep_fu_210">
<pin_list>
<pin id="211" dir="0" index="0" bw="32" slack="0"/>
<pin id="212" dir="0" index="1" bw="1" slack="0"/>
<pin id="213" dir="0" index="2" bw="5" slack="0"/>
<pin id="214" dir="1" index="3" bw="5" slack="0"/>
</pin_list>
<bind>
<opcode="getelementptr(29) " fcode="getelementptr"/>
<opset="reg_file_addr_1/3 "/>
</bind>
</comp>

<comp id="218" class="1004" name="mem_addr_1_gep_fu_218">
<pin_list>
<pin id="219" dir="0" index="0" bw="32" slack="0"/>
<pin id="220" dir="0" index="1" bw="1" slack="0"/>
<pin id="221" dir="0" index="2" bw="10" slack="0"/>
<pin id="222" dir="1" index="3" bw="10" slack="0"/>
</pin_list>
<bind>
<opcode="getelementptr(29) " fcode="getelementptr"/>
<opset="mem_addr_1/5 "/>
</bind>
</comp>

<comp id="226" class="1004" name="mem_addr_2_gep_fu_226">
<pin_list>
<pin id="227" dir="0" index="0" bw="32" slack="0"/>
<pin id="228" dir="0" index="1" bw="1" slack="0"/>
<pin id="229" dir="0" index="2" bw="10" slack="0"/>
<pin id="230" dir="1" index="3" bw="10" slack="0"/>
</pin_list>
<bind>
<opcode="getelementptr(29) " fcode="getelementptr"/>
<opset="mem_addr_2/6 "/>
</bind>
</comp>

<comp id="234" class="1004" name="reg_file_addr_2_gep_fu_234">
<pin_list>
<pin id="235" dir="0" index="0" bw="32" slack="0"/>
<pin id="236" dir="0" index="1" bw="1" slack="0"/>
<pin id="237" dir="0" index="2" bw="5" slack="0"/>
<pin id="238" dir="1" index="3" bw="5" slack="0"/>
</pin_list>
<bind>
<opcode="getelementptr(29) " fcode="getelementptr"/>
<opset="reg_file_addr_2/6 "/>
</bind>
</comp>

<comp id="242" class="1005" name="imm_5_reg_242">
<pin_list>
<pin id="243" dir="0" index="0" bw="32" slack="1"/>
<pin id="244" dir="1" index="1" bw="32" slack="1"/>
</pin_list>
<bind>
<opset="imm_5 (phireg) "/>
</bind>
</comp>

<comp id="246" class="1004" name="imm_5_phi_fu_246">
<pin_list>
<pin id="247" dir="0" index="0" bw="32" slack="1"/>
<pin id="248" dir="0" index="1" bw="0" slack="2147483647"/>
<pin id="249" dir="0" index="2" bw="32" slack="1"/>
<pin id="250" dir="0" index="3" bw="0" slack="2147483647"/>
<pin id="251" dir="0" index="4" bw="13" slack="1"/>
<pin id="252" dir="0" index="5" bw="0" slack="2147483647"/>
<pin id="253" dir="0" index="6" bw="12" slack="1"/>
<pin id="254" dir="0" index="7" bw="0" slack="2147483647"/>
<pin id="255" dir="0" index="8" bw="12" slack="1"/>
<pin id="256" dir="0" index="9" bw="0" slack="2147483647"/>
<pin id="257" dir="0" index="10" bw="1" slack="1"/>
<pin id="258" dir="0" index="11" bw="0" slack="2147483647"/>
<pin id="259" dir="1" index="12" bw="32" slack="1"/>
</pin_list>
<bind>
<opcode="phi(47) " fcode="phi"/>
<opset="imm_5/4 "/>
</bind>
</comp>

<comp id="262" class="1005" name="src2_reg_262">
<pin_list>
<pin id="263" dir="0" index="0" bw="32" slack="1"/>
<pin id="264" dir="1" index="1" bw="32" slack="1"/>
</pin_list>
<bind>
<opset="src2 (phireg) "/>
</bind>
</comp>

<comp id="265" class="1004" name="src2_phi_fu_265">
<pin_list>
<pin id="266" dir="0" index="0" bw="32" slack="1"/>
<pin id="267" dir="0" index="1" bw="0" slack="2147483647"/>
<pin id="268" dir="0" index="2" bw="32" slack="1"/>
<pin id="269" dir="0" index="3" bw="0" slack="2147483647"/>
<pin id="270" dir="1" index="4" bw="32" slack="0"/>
</pin_list>
<bind>
<opcode="phi(47) " fcode="phi"/>
<opset="src2/5 "/>
</bind>
</comp>

<comp id="273" class="1005" name="res_2_reg_273">
<pin_list>
<pin id="274" dir="0" index="0" bw="32" slack="1"/>
<pin id="275" dir="1" index="1" bw="32" slack="1"/>
</pin_list>
<bind>
<opset="res_2 (phireg) "/>
</bind>
</comp>

<comp id="277" class="1004" name="res_2_phi_fu_277">
<pin_list>
<pin id="278" dir="0" index="0" bw="32" slack="1"/>
<pin id="279" dir="0" index="1" bw="0" slack="2147483647"/>
<pin id="280" dir="0" index="2" bw="32" slack="1"/>
<pin id="281" dir="0" index="3" bw="0" slack="2147483647"/>
<pin id="282" dir="0" index="4" bw="32" slack="1"/>
<pin id="283" dir="0" index="5" bw="0" slack="2147483647"/>
<pin id="284" dir="0" index="6" bw="32" slack="1"/>
<pin id="285" dir="0" index="7" bw="0" slack="2147483647"/>
<pin id="286" dir="0" index="8" bw="1" slack="1"/>
<pin id="287" dir="0" index="9" bw="0" slack="2147483647"/>
<pin id="288" dir="0" index="10" bw="1" slack="1"/>
<pin id="289" dir="0" index="11" bw="0" slack="2147483647"/>
<pin id="290" dir="0" index="12" bw="1" slack="1"/>
<pin id="291" dir="0" index="13" bw="0" slack="2147483647"/>
<pin id="292" dir="0" index="14" bw="1" slack="1"/>
<pin id="293" dir="0" index="15" bw="0" slack="2147483647"/>
<pin id="294" dir="0" index="16" bw="1" slack="1"/>
<pin id="295" dir="0" index="17" bw="0" slack="2147483647"/>
<pin id="296" dir="0" index="18" bw="1" slack="1"/>
<pin id="297" dir="0" index="19" bw="0" slack="2147483647"/>
<pin id="298" dir="0" index="20" bw="32" slack="0"/>
<pin id="299" dir="0" index="21" bw="0" slack="2147483647"/>
<pin id="300" dir="0" index="22" bw="16" slack="0"/>
<pin id="301" dir="0" index="23" bw="0" slack="2147483647"/>
<pin id="302" dir="0" index="24" bw="8" slack="0"/>
<pin id="303" dir="0" index="25" bw="0" slack="2147483647"/>
<pin id="304" dir="0" index="26" bw="16" slack="0"/>
<pin id="305" dir="0" index="27" bw="0" slack="2147483647"/>
<pin id="306" dir="0" index="28" bw="8" slack="0"/>
<pin id="307" dir="0" index="29" bw="0" slack="2147483647"/>
<pin id="308" dir="0" index="30" bw="1" slack="1"/>
<pin id="309" dir="0" index="31" bw="0" slack="2147483647"/>
<pin id="310" dir="0" index="32" bw="1" slack="1"/>
<pin id="311" dir="0" index="33" bw="0" slack="2147483647"/>
<pin id="312" dir="0" index="34" bw="32" slack="1"/>
<pin id="313" dir="0" index="35" bw="0" slack="2147483647"/>
<pin id="314" dir="0" index="36" bw="32" slack="1"/>
<pin id="315" dir="0" index="37" bw="0" slack="2147483647"/>
<pin id="316" dir="0" index="38" bw="32" slack="1"/>
<pin id="317" dir="0" index="39" bw="0" slack="2147483647"/>
<pin id="318" dir="0" index="40" bw="32" slack="1"/>
<pin id="319" dir="0" index="41" bw="0" slack="2147483647"/>
<pin id="320" dir="0" index="42" bw="32" slack="1"/>
<pin id="321" dir="0" index="43" bw="0" slack="2147483647"/>
<pin id="322" dir="0" index="44" bw="32" slack="1"/>
<pin id="323" dir="0" index="45" bw="0" slack="2147483647"/>
<pin id="324" dir="0" index="46" bw="32" slack="1"/>
<pin id="325" dir="0" index="47" bw="0" slack="2147483647"/>
<pin id="326" dir="0" index="48" bw="32" slack="1"/>
<pin id="327" dir="0" index="49" bw="0" slack="2147483647"/>
<pin id="328" dir="0" index="50" bw="32" slack="1"/>
<pin id="329" dir="0" index="51" bw="0" slack="2147483647"/>
<pin id="330" dir="0" index="52" bw="1" slack="1"/>
<pin id="331" dir="0" index="53" bw="0" slack="2147483647"/>
<pin id="332" dir="0" index="54" bw="1" slack="1"/>
<pin id="333" dir="0" index="55" bw="0" slack="2147483647"/>
<pin id="334" dir="0" index="56" bw="1" slack="1"/>
<pin id="335" dir="0" index="57" bw="0" slack="2147483647"/>
<pin id="336" dir="1" index="58" bw="32" slack="0"/>
</pin_list>
<bind>
<opcode="phi(47) " fcode="phi"/>
<opset="res_2/6 "/>
</bind>
</comp>

<comp id="350" class="1005" name="res_j_1_reg_350">
<pin_list>
<pin id="351" dir="0" index="0" bw="32" slack="1"/>
<pin id="352" dir="1" index="1" bw="32" slack="1"/>
</pin_list>
<bind>
<opset="res_j_1 (phireg) "/>
</bind>
</comp>

<comp id="354" class="1004" name="res_j_1_phi_fu_354">
<pin_list>
<pin id="355" dir="0" index="0" bw="1" slack="1"/>
<pin id="356" dir="0" index="1" bw="0" slack="2147483647"/>
<pin id="357" dir="0" index="2" bw="32" slack="1"/>
<pin id="358" dir="0" index="3" bw="0" slack="2147483647"/>
<pin id="359" dir="0" index="4" bw="32" slack="1"/>
<pin id="360" dir="0" index="5" bw="0" slack="2147483647"/>
<pin id="361" dir="0" index="6" bw="1" slack="1"/>
<pin id="362" dir="0" index="7" bw="0" slack="2147483647"/>
<pin id="363" dir="0" index="8" bw="32" slack="1"/>
<pin id="364" dir="0" index="9" bw="0" slack="2147483647"/>
<pin id="365" dir="0" index="10" bw="32" slack="1"/>
<pin id="366" dir="0" index="11" bw="0" slack="2147483647"/>
<pin id="367" dir="0" index="12" bw="32" slack="1"/>
<pin id="368" dir="0" index="13" bw="0" slack="2147483647"/>
<pin id="369" dir="0" index="14" bw="32" slack="1"/>
<pin id="370" dir="0" index="15" bw="0" slack="2147483647"/>
<pin id="371" dir="0" index="16" bw="32" slack="1"/>
<pin id="372" dir="0" index="17" bw="0" slack="2147483647"/>
<pin id="373" dir="0" index="18" bw="32" slack="1"/>
<pin id="374" dir="0" index="19" bw="0" slack="2147483647"/>
<pin id="375" dir="0" index="20" bw="1" slack="0"/>
<pin id="376" dir="0" index="21" bw="0" slack="2147483647"/>
<pin id="377" dir="0" index="22" bw="1" slack="0"/>
<pin id="378" dir="0" index="23" bw="0" slack="2147483647"/>
<pin id="379" dir="0" index="24" bw="1" slack="0"/>
<pin id="380" dir="0" index="25" bw="0" slack="2147483647"/>
<pin id="381" dir="0" index="26" bw="1" slack="0"/>
<pin id="382" dir="0" index="27" bw="0" slack="2147483647"/>
<pin id="383" dir="0" index="28" bw="1" slack="0"/>
<pin id="384" dir="0" index="29" bw="0" slack="2147483647"/>
<pin id="385" dir="0" index="30" bw="1" slack="1"/>
<pin id="386" dir="0" index="31" bw="0" slack="2147483647"/>
<pin id="387" dir="0" index="32" bw="1" slack="1"/>
<pin id="388" dir="0" index="33" bw="0" slack="2147483647"/>
<pin id="389" dir="0" index="34" bw="1" slack="0"/>
<pin id="390" dir="0" index="35" bw="0" slack="2147483647"/>
<pin id="391" dir="0" index="36" bw="1" slack="0"/>
<pin id="392" dir="0" index="37" bw="0" slack="2147483647"/>
<pin id="393" dir="0" index="38" bw="1" slack="0"/>
<pin id="394" dir="0" index="39" bw="0" slack="2147483647"/>
<pin id="395" dir="0" index="40" bw="1" slack="1"/>
<pin id="396" dir="0" index="41" bw="0" slack="2147483647"/>
<pin id="397" dir="0" index="42" bw="1" slack="1"/>
<pin id="398" dir="0" index="43" bw="0" slack="2147483647"/>
<pin id="399" dir="0" index="44" bw="1" slack="1"/>
<pin id="400" dir="0" index="45" bw="0" slack="2147483647"/>
<pin id="401" dir="0" index="46" bw="1" slack="1"/>
<pin id="402" dir="0" index="47" bw="0" slack="2147483647"/>
<pin id="403" dir="0" index="48" bw="1" slack="1"/>
<pin id="404" dir="0" index="49" bw="0" slack="2147483647"/>
<pin id="405" dir="0" index="50" bw="1" slack="1"/>
<pin id="406" dir="0" index="51" bw="0" slack="2147483647"/>
<pin id="407" dir="0" index="52" bw="1" slack="1"/>
<pin id="408" dir="0" index="53" bw="0" slack="2147483647"/>
<pin id="409" dir="0" index="54" bw="1" slack="1"/>
<pin id="410" dir="0" index="55" bw="0" slack="2147483647"/>
<pin id="411" dir="0" index="56" bw="1" slack="1"/>
<pin id="412" dir="0" index="57" bw="0" slack="2147483647"/>
<pin id="413" dir="1" index="58" bw="32" slack="0"/>
</pin_list>
<bind>
<opcode="phi(47) " fcode="phi"/>
<opset="res_j_1/6 "/>
</bind>
</comp>

<comp id="435" class="1004" name="grp_fu_435">
<pin_list>
<pin id="436" dir="0" index="0" bw="32" slack="1"/>
<pin id="437" dir="0" index="1" bw="32" slack="0"/>
<pin id="438" dir="1" index="2" bw="1" slack="0"/>
</pin_list>
<bind>
<opcode="icmp(45) " fcode="icmp"/>
<opset="icmp_ln213/5 icmp_ln210/5 res_12/5 "/>
</bind>
</comp>

<comp id="440" class="1004" name="grp_fu_440">
<pin_list>
<pin id="441" dir="0" index="0" bw="32" slack="1"/>
<pin id="442" dir="0" index="1" bw="32" slack="0"/>
<pin id="443" dir="1" index="2" bw="1" slack="0"/>
</pin_list>
<bind>
<opcode="icmp(45) " fcode="icmp"/>
<opset="icmp_ln207/5 icmp_ln204/5 res_11/5 "/>
</bind>
</comp>

<comp id="445" class="1004" name="store_ln26_store_fu_445">
<pin_list>
<pin id="446" dir="0" index="0" bw="1" slack="0"/>
<pin id="447" dir="0" index="1" bw="32" slack="0"/>
<pin id="448" dir="1" index="2" bw="0" slack="2147483647"/>
</pin_list>
<bind>
<opcode="store(28) " fcode="store"/>
<opset="store_ln26/1 "/>
</bind>
</comp>

<comp id="450" class="1004" name="pc_1_load_fu_450">
<pin_list>
<pin id="451" dir="0" index="0" bw="32" slack="1"/>
<pin id="452" dir="1" index="1" bw="32" slack="0"/>
</pin_list>
<bind>
<opcode="load(27) " fcode="load"/>
<opset="pc_1/2 "/>
</bind>
</comp>

<comp id="453" class="1004" name="lshr_ln_fu_453">
<pin_list>
<pin id="454" dir="0" index="0" bw="10" slack="0"/>
<pin id="455" dir="0" index="1" bw="32" slack="0"/>
<pin id="456" dir="0" index="2" bw="3" slack="0"/>
<pin id="457" dir="0" index="3" bw="5" slack="0"/>
<pin id="458" dir="1" index="4" bw="10" slack="0"/>
</pin_list>
<bind>
<opcode="partselect(1002) " fcode="partselect"/>
<opset="lshr_ln/2 "/>
</bind>
</comp>

<comp id="463" class="1004" name="zext_ln34_fu_463">
<pin_list>
<pin id="464" dir="0" index="0" bw="10" slack="0"/>
<pin id="465" dir="1" index="1" bw="64" slack="0"/>
</pin_list>
<bind>
<opcode="zext(34) " fcode="zext"/>
<opset="zext_ln34/2 "/>
</bind>
</comp>

<comp id="468" class="1004" name="opcode_fu_468">
<pin_list>
<pin id="469" dir="0" index="0" bw="32" slack="0"/>
<pin id="470" dir="1" index="1" bw="7" slack="0"/>
</pin_list>
<bind>
<opcode="trunc(33) " fcode="trunc"/>
<opset="opcode/3 "/>
</bind>
</comp>

<comp id="472" class="1004" name="rd_fu_472">
<pin_list>
<pin id="473" dir="0" index="0" bw="5" slack="0"/>
<pin id="474" dir="0" index="1" bw="32" slack="0"/>
<pin id="475" dir="0" index="2" bw="4" slack="0"/>
<pin id="476" dir="1" index="3" bw="5" slack="3"/>
</pin_list>
<bind>
<opcode="partselect(1002) " fcode="partselect"/>
<opset="rd/3 "/>
</bind>
</comp>

<comp id="480" class="1004" name="rs1_fu_480">
<pin_list>
<pin id="481" dir="0" index="0" bw="5" slack="0"/>
<pin id="482" dir="0" index="1" bw="32" slack="0"/>
<pin id="483" dir="0" index="2" bw="5" slack="0"/>
<pin id="484" dir="1" index="3" bw="5" slack="0"/>
</pin_list>
<bind>
<opcode="partselect(1002) " fcode="partselect"/>
<opset="rs1/3 "/>
</bind>
</comp>

<comp id="488" class="1004" name="rs2_fu_488">
<pin_list>
<pin id="489" dir="0" index="0" bw="5" slack="0"/>
<pin id="490" dir="0" index="1" bw="32" slack="0"/>
<pin id="491" dir="0" index="2" bw="6" slack="0"/>
<pin id="492" dir="1" index="3" bw="5" slack="0"/>
</pin_list>
<bind>
<opcode="partselect(1002) " fcode="partselect"/>
<opset="rs2/3 "/>
</bind>
</comp>

<comp id="496" class="1004" name="func3_fu_496">
<pin_list>
<pin id="497" dir="0" index="0" bw="3" slack="0"/>
<pin id="498" dir="0" index="1" bw="32" slack="0"/>
<pin id="499" dir="0" index="2" bw="5" slack="0"/>
<pin id="500" dir="1" index="3" bw="3" slack="0"/>
</pin_list>
<bind>
<opcode="partselect(1002) " fcode="partselect"/>
<opset="func3/3 "/>
</bind>
</comp>

<comp id="504" class="1004" name="func7_fu_504">
<pin_list>
<pin id="505" dir="0" index="0" bw="7" slack="0"/>
<pin id="506" dir="0" index="1" bw="32" slack="0"/>
<pin id="507" dir="0" index="2" bw="6" slack="0"/>
<pin id="508" dir="1" index="3" bw="7" slack="0"/>
</pin_list>
<bind>
<opcode="partselect(1002) " fcode="partselect"/>
<opset="func7/3 "/>
</bind>
</comp>

<comp id="512" class="1004" name="icmp_ln47_fu_512">
<pin_list>
<pin id="513" dir="0" index="0" bw="7" slack="0"/>
<pin id="514" dir="0" index="1" bw="7" slack="0"/>
<pin id="515" dir="1" index="2" bw="1" slack="0"/>
</pin_list>
<bind>
<opcode="icmp(45) " fcode="icmp"/>
<opset="icmp_ln47/3 "/>
</bind>
</comp>

<comp id="518" class="1004" name="func7_1_fu_518">
<pin_list>
<pin id="519" dir="0" index="0" bw="1" slack="0"/>
<pin id="520" dir="0" index="1" bw="7" slack="0"/>
<pin id="521" dir="0" index="2" bw="1" slack="0"/>
<pin id="522" dir="1" index="3" bw="7" slack="0"/>
</pin_list>
<bind>
<opcode="select(49) " fcode="select"/>
<opset="func7_1/3 "/>
</bind>
</comp>

<comp id="526" class="1004" name="funcx_fu_526">
<pin_list>
<pin id="527" dir="0" index="0" bw="10" slack="0"/>
<pin id="528" dir="0" index="1" bw="7" slack="0"/>
<pin id="529" dir="0" index="2" bw="3" slack="0"/>
<pin id="530" dir="1" index="3" bw="10" slack="2"/>
</pin_list>
<bind>
<opcode="bitconcatenate(1004) " fcode="bitconcatenate"/>
<opset="funcx/3 "/>
</bind>
</comp>

<comp id="534" class="1004" name="immI_fu_534">
<pin_list>
<pin id="535" dir="0" index="0" bw="12" slack="0"/>
<pin id="536" dir="0" index="1" bw="32" slack="0"/>
<pin id="537" dir="0" index="2" bw="6" slack="0"/>
<pin id="538" dir="0" index="3" bw="6" slack="0"/>
<pin id="539" dir="1" index="4" bw="12" slack="0"/>
</pin_list>
<bind>
<opcode="partselect(1002) " fcode="partselect"/>
<opset="immI/3 "/>
</bind>
</comp>

<comp id="544" class="1004" name="sext_ln53_fu_544">
<pin_list>
<pin id="545" dir="0" index="0" bw="12" slack="0"/>
<pin id="546" dir="1" index="1" bw="32" slack="1"/>
</pin_list>
<bind>
<opcode="sext(35) " fcode="sext"/>
<opset="sext_ln53/3 "/>
</bind>
</comp>

<comp id="548" class="1004" name="tmp_fu_548">
<pin_list>
<pin id="549" dir="0" index="0" bw="1" slack="0"/>
<pin id="550" dir="0" index="1" bw="32" slack="0"/>
<pin id="551" dir="0" index="2" bw="4" slack="0"/>
<pin id="552" dir="1" index="3" bw="1" slack="0"/>
</pin_list>
<bind>
<opcode="bitselect(1000) " fcode="bitselect"/>
<opset="tmp/3 "/>
</bind>
</comp>

<comp id="556" class="1004" name="tmp_1_fu_556">
<pin_list>
<pin id="557" dir="0" index="0" bw="4" slack="0"/>
<pin id="558" dir="0" index="1" bw="32" slack="0"/>
<pin id="559" dir="0" index="2" bw="5" slack="0"/>
<pin id="560" dir="1" index="3" bw="4" slack="0"/>
</pin_list>
<bind>
<opcode="partselect(1002) " fcode="partselect"/>
<opset="tmp_1/3 "/>
</bind>
</comp>

<comp id="564" class="1004" name="tmp_2_fu_564">
<pin_list>
<pin id="565" dir="0" index="0" bw="7" slack="0"/>
<pin id="566" dir="0" index="1" bw="32" slack="0"/>
<pin id="567" dir="0" index="2" bw="6" slack="0"/>
<pin id="568" dir="0" index="3" bw="6" slack="0"/>
<pin id="569" dir="1" index="4" bw="7" slack="0"/>
</pin_list>
<bind>
<opcode="partselect(1002) " fcode="partselect"/>
<opset="tmp_2/3 "/>
</bind>
</comp>

<comp id="574" class="1004" name="tmp_3_fu_574">
<pin_list>
<pin id="575" dir="0" index="0" bw="5" slack="0"/>
<pin id="576" dir="0" index="1" bw="32" slack="0"/>
<pin id="577" dir="0" index="2" bw="4" slack="0"/>
<pin id="578" dir="0" index="3" bw="5" slack="0"/>
<pin id="579" dir="1" index="4" bw="5" slack="0"/>
</pin_list>
<bind>
<opcode="partselect(1002) " fcode="partselect"/>
<opset="tmp_3/3 "/>
</bind>
</comp>

<comp id="584" class="1004" name="immS_fu_584">
<pin_list>
<pin id="585" dir="0" index="0" bw="12" slack="0"/>
<pin id="586" dir="0" index="1" bw="7" slack="0"/>
<pin id="587" dir="0" index="2" bw="5" slack="0"/>
<pin id="588" dir="1" index="3" bw="12" slack="0"/>
</pin_list>
<bind>
<opcode="bitconcatenate(1004) " fcode="bitconcatenate"/>
<opset="immS/3 "/>
</bind>
</comp>

<comp id="592" class="1004" name="sext_ln55_fu_592">
<pin_list>
<pin id="593" dir="0" index="0" bw="12" slack="0"/>
<pin id="594" dir="1" index="1" bw="32" slack="1"/>
</pin_list>
<bind>
<opcode="sext(35) " fcode="sext"/>
<opset="sext_ln55/3 "/>
</bind>
</comp>

<comp id="596" class="1004" name="tmp_5_fu_596">
<pin_list>
<pin id="597" dir="0" index="0" bw="6" slack="0"/>
<pin id="598" dir="0" index="1" bw="32" slack="0"/>
<pin id="599" dir="0" index="2" bw="6" slack="0"/>
<pin id="600" dir="0" index="3" bw="6" slack="0"/>
<pin id="601" dir="1" index="4" bw="6" slack="0"/>
</pin_list>
<bind>
<opcode="partselect(1002) " fcode="partselect"/>
<opset="tmp_5/3 "/>
</bind>
</comp>

<comp id="606" class="1004" name="tmp_4_fu_606">
<pin_list>
<pin id="607" dir="0" index="0" bw="1" slack="0"/>
<pin id="608" dir="0" index="1" bw="32" slack="0"/>
<pin id="609" dir="0" index="2" bw="6" slack="0"/>
<pin id="610" dir="1" index="3" bw="1" slack="0"/>
</pin_list>
<bind>
<opcode="bitselect(1000) " fcode="bitselect"/>
<opset="tmp_4/3 "/>
</bind>
</comp>

<comp id="614" class="1004" name="imm_2_fu_614">
<pin_list>
<pin id="615" dir="0" index="0" bw="13" slack="0"/>
<pin id="616" dir="0" index="1" bw="1" slack="0"/>
<pin id="617" dir="0" index="2" bw="1" slack="0"/>
<pin id="618" dir="0" index="3" bw="6" slack="0"/>
<pin id="619" dir="0" index="4" bw="4" slack="0"/>
<pin id="620" dir="0" index="5" bw="1" slack="0"/>
<pin id="621" dir="1" index="6" bw="13" slack="0"/>
</pin_list>
<bind>
<opcode="bitconcatenate(1004) " fcode="bitconcatenate"/>
<opset="imm_2/3 "/>
</bind>
</comp>

<comp id="628" class="1004" name="sext_ln57_fu_628">
<pin_list>
<pin id="629" dir="0" index="0" bw="13" slack="0"/>
<pin id="630" dir="1" index="1" bw="32" slack="1"/>
</pin_list>
<bind>
<opcode="sext(35) " fcode="sext"/>
<opset="sext_ln57/3 "/>
</bind>
</comp>

<comp id="632" class="1004" name="tmp_s_fu_632">
<pin_list>
<pin id="633" dir="0" index="0" bw="10" slack="0"/>
<pin id="634" dir="0" index="1" bw="32" slack="0"/>
<pin id="635" dir="0" index="2" bw="6" slack="0"/>
<pin id="636" dir="1" index="3" bw="10" slack="0"/>
</pin_list>
<bind>
<opcode="partselect(1002) " fcode="partselect"/>
<opset="tmp_s/3 "/>
</bind>
</comp>

<comp id="640" class="1004" name="tmp_6_fu_640">
<pin_list>
<pin id="641" dir="0" index="0" bw="1" slack="0"/>
<pin id="642" dir="0" index="1" bw="32" slack="0"/>
<pin id="643" dir="0" index="2" bw="6" slack="0"/>
<pin id="644" dir="1" index="3" bw="1" slack="0"/>
</pin_list>
<bind>
<opcode="bitselect(1000) " fcode="bitselect"/>
<opset="tmp_6/3 "/>
</bind>
</comp>

<comp id="648" class="1004" name="tmp_9_fu_648">
<pin_list>
<pin id="649" dir="0" index="0" bw="8" slack="0"/>
<pin id="650" dir="0" index="1" bw="32" slack="0"/>
<pin id="651" dir="0" index="2" bw="5" slack="0"/>
<pin id="652" dir="1" index="3" bw="8" slack="0"/>
</pin_list>
<bind>
<opcode="partselect(1002) " fcode="partselect"/>
<opset="tmp_9/3 "/>
</bind>
</comp>

<comp id="656" class="1004" name="imm_3_fu_656">
<pin_list>
<pin id="657" dir="0" index="0" bw="32" slack="0"/>
<pin id="658" dir="0" index="1" bw="1" slack="0"/>
<pin id="659" dir="0" index="2" bw="1" slack="0"/>
<pin id="660" dir="0" index="3" bw="1" slack="0"/>
<pin id="661" dir="0" index="4" bw="1" slack="0"/>
<pin id="662" dir="0" index="5" bw="1" slack="0"/>
<pin id="663" dir="0" index="6" bw="1" slack="0"/>
<pin id="664" dir="0" index="7" bw="1" slack="0"/>
<pin id="665" dir="0" index="8" bw="1" slack="0"/>
<pin id="666" dir="0" index="9" bw="1" slack="0"/>
<pin id="667" dir="0" index="10" bw="1" slack="0"/>
<pin id="668" dir="0" index="11" bw="1" slack="0"/>
<pin id="669" dir="0" index="12" bw="1" slack="0"/>
<pin id="670" dir="0" index="13" bw="8" slack="0"/>
<pin id="671" dir="0" index="14" bw="1" slack="0"/>
<pin id="672" dir="0" index="15" bw="10" slack="0"/>
<pin id="673" dir="0" index="16" bw="1" slack="0"/>
<pin id="674" dir="1" index="17" bw="32" slack="1"/>
</pin_list>
<bind>
<opcode="bitconcatenate(1004) " fcode="bitconcatenate"/>
<opset="imm_3/3 "/>
</bind>
</comp>

<comp id="692" class="1004" name="tmp_7_fu_692">
<pin_list>
<pin id="693" dir="0" index="0" bw="20" slack="0"/>
<pin id="694" dir="0" index="1" bw="32" slack="0"/>
<pin id="695" dir="0" index="2" bw="5" slack="0"/>
<pin id="696" dir="1" index="3" bw="20" slack="0"/>
</pin_list>
<bind>
<opcode="partselect(1002) " fcode="partselect"/>
<opset="tmp_7/3 "/>
</bind>
</comp>

<comp id="700" class="1004" name="imm_4_fu_700">
<pin_list>
<pin id="701" dir="0" index="0" bw="32" slack="0"/>
<pin id="702" dir="0" index="1" bw="20" slack="0"/>
<pin id="703" dir="0" index="2" bw="1" slack="0"/>
<pin id="704" dir="1" index="3" bw="32" slack="1"/>
</pin_list>
<bind>
<opcode="bitconcatenate(1004) " fcode="bitconcatenate"/>
<opset="imm_4/3 "/>
</bind>
</comp>

<comp id="708" class="1004" name="switch_ln67_fu_708">
<pin_list>
<pin id="709" dir="0" index="0" bw="7" slack="0"/>
<pin id="710" dir="0" index="1" bw="6" slack="0"/>
<pin id="711" dir="0" index="2" bw="3" slack="0"/>
<pin id="712" dir="0" index="3" bw="6" slack="0"/>
<pin id="713" dir="0" index="4" bw="7" slack="0"/>
<pin id="714" dir="0" index="5" bw="6" slack="0"/>
<pin id="715" dir="0" index="6" bw="6" slack="0"/>
<pin id="716" dir="0" index="7" bw="7" slack="0"/>
<pin id="717" dir="0" index="8" bw="6" slack="0"/>
<pin id="718" dir="1" index="9" bw="0" slack="2147483647"/>
</pin_list>
<bind>
<opcode="switch(3) " fcode="switch"/>
<opset="switch_ln67/3 "/>
</bind>
</comp>

<comp id="728" class="1004" name="zext_ln94_fu_728">
<pin_list>
<pin id="729" dir="0" index="0" bw="5" slack="0"/>
<pin id="730" dir="1" index="1" bw="64" slack="0"/>
</pin_list>
<bind>
<opcode="zext(34) " fcode="zext"/>
<opset="zext_ln94/3 "/>
</bind>
</comp>

<comp id="733" class="1004" name="tmp_8_fu_733">
<pin_list>
<pin id="734" dir="0" index="0" bw="2" slack="0"/>
<pin id="735" dir="0" index="1" bw="32" slack="0"/>
<pin id="736" dir="0" index="2" bw="4" slack="0"/>
<pin id="737" dir="0" index="3" bw="4" slack="0"/>
<pin id="738" dir="1" index="4" bw="2" slack="0"/>
</pin_list>
<bind>
<opcode="partselect(1002) " fcode="partselect"/>
<opset="tmp_8/3 "/>
</bind>
</comp>

<comp id="743" class="1004" name="trunc_ln95_fu_743">
<pin_list>
<pin id="744" dir="0" index="0" bw="32" slack="0"/>
<pin id="745" dir="1" index="1" bw="4" slack="0"/>
</pin_list>
<bind>
<opcode="trunc(33) " fcode="trunc"/>
<opset="trunc_ln95/3 "/>
</bind>
</comp>

<comp id="747" class="1004" name="or_ln_fu_747">
<pin_list>
<pin id="748" dir="0" index="0" bw="7" slack="0"/>
<pin id="749" dir="0" index="1" bw="2" slack="0"/>
<pin id="750" dir="0" index="2" bw="1" slack="0"/>
<pin id="751" dir="0" index="3" bw="4" slack="0"/>
<pin id="752" dir="1" index="4" bw="7" slack="0"/>
</pin_list>
<bind>
<opcode="bitconcatenate(1004) " fcode="bitconcatenate"/>
<opset="or_ln/3 "/>
</bind>
</comp>

<comp id="757" class="1004" name="icmp_ln95_fu_757">
<pin_list>
<pin id="758" dir="0" index="0" bw="7" slack="0"/>
<pin id="759" dir="0" index="1" bw="7" slack="0"/>
<pin id="760" dir="1" index="2" bw="1" slack="1"/>
</pin_list>
<bind>
<opcode="icmp(45) " fcode="icmp"/>
<opset="icmp_ln95/3 "/>
</bind>
</comp>

<comp id="763" class="1004" name="zext_ln95_fu_763">
<pin_list>
<pin id="764" dir="0" index="0" bw="5" slack="0"/>
<pin id="765" dir="1" index="1" bw="64" slack="0"/>
</pin_list>
<bind>
<opcode="zext(34) " fcode="zext"/>
<opset="zext_ln95/3 "/>
</bind>
</comp>

<comp id="768" class="1004" name="addr_fu_768">
<pin_list>
<pin id="769" dir="0" index="0" bw="32" slack="1"/>
<pin id="770" dir="0" index="1" bw="32" slack="1"/>
<pin id="771" dir="1" index="2" bw="32" slack="0"/>
</pin_list>
<bind>
<opcode="add(8) " fcode="add"/>
<opset="addr/5 "/>
</bind>
</comp>

<comp id="773" class="1004" name="trunc_ln99_fu_773">
<pin_list>
<pin id="774" dir="0" index="0" bw="32" slack="0"/>
<pin id="775" dir="1" index="1" bw="2" slack="0"/>
</pin_list>
<bind>
<opcode="trunc(33) " fcode="trunc"/>
<opset="trunc_ln99/5 "/>
</bind>
</comp>

<comp id="777" class="1004" name="res_b_fu_777">
<pin_list>
<pin id="778" dir="0" index="0" bw="32" slack="1"/>
<pin id="779" dir="0" index="1" bw="32" slack="3"/>
<pin id="780" dir="1" index="2" bw="32" slack="0"/>
</pin_list>
<bind>
<opcode="add(8) " fcode="add"/>
<opset="res_b/5 "/>
</bind>
</comp>

<comp id="782" class="1004" name="pc_2_fu_782">
<pin_list>
<pin id="783" dir="0" index="0" bw="32" slack="3"/>
<pin id="784" dir="0" index="1" bw="4" slack="0"/>
<pin id="785" dir="1" index="2" bw="32" slack="0"/>
</pin_list>
<bind>
<opcode="add(8) " fcode="add"/>
<opset="pc_2/5 "/>
</bind>
</comp>

<comp id="787" class="1004" name="imm12_fu_787">
<pin_list>
<pin id="788" dir="0" index="0" bw="32" slack="1"/>
<pin id="789" dir="0" index="1" bw="5" slack="0"/>
<pin id="790" dir="1" index="2" bw="32" slack="0"/>
</pin_list>
<bind>
<opcode="shl(20) " fcode="shl"/>
<opset="imm12/5 "/>
</bind>
</comp>

<comp id="793" class="1004" name="switch_ln113_fu_793">
<pin_list>
<pin id="794" dir="0" index="0" bw="7" slack="2"/>
<pin id="795" dir="0" index="1" bw="6" slack="0"/>
<pin id="796" dir="0" index="2" bw="7" slack="0"/>
<pin id="797" dir="0" index="3" bw="6" slack="0"/>
<pin id="798" dir="0" index="4" bw="3" slack="0"/>
<pin id="799" dir="0" index="5" bw="7" slack="0"/>
<pin id="800" dir="0" index="6" bw="6" slack="0"/>
<pin id="801" dir="0" index="7" bw="6" slack="0"/>
<pin id="802" dir="0" index="8" bw="6" slack="0"/>
<pin id="803" dir="0" index="9" bw="7" slack="0"/>
<pin id="804" dir="1" index="10" bw="0" slack="2147483647"/>
</pin_list>
<bind>
<opcode="switch(3) " fcode="switch"/>
<opset="switch_ln113/5 "/>
</bind>
</comp>

<comp id="814" class="1004" name="switch_ln196_fu_814">
<pin_list>
<pin id="815" dir="0" index="0" bw="3" slack="2"/>
<pin id="816" dir="0" index="1" bw="1" slack="0"/>
<pin id="817" dir="0" index="2" bw="1" slack="0"/>
<pin id="818" dir="0" index="3" bw="3" slack="0"/>
<pin id="819" dir="0" index="4" bw="3" slack="0"/>
<pin id="820" dir="0" index="5" bw="2" slack="0"/>
<pin id="821" dir="0" index="6" bw="1" slack="0"/>
<pin id="822" dir="1" index="7" bw="0" slack="2147483647"/>
</pin_list>
<bind>
<opcode="switch(3) " fcode="switch"/>
<opset="switch_ln196/5 "/>
</bind>
</comp>

<comp id="829" class="1004" name="xor_ln213_fu_829">
<pin_list>
<pin id="830" dir="0" index="0" bw="1" slack="0"/>
<pin id="831" dir="0" index="1" bw="1" slack="0"/>
<pin id="832" dir="1" index="2" bw="1" slack="0"/>
</pin_list>
<bind>
<opcode="xor(25) " fcode="xor"/>
<opset="xor_ln213/5 "/>
</bind>
</comp>

<comp id="835" class="1004" name="res_j_8_fu_835">
<pin_list>
<pin id="836" dir="0" index="0" bw="1" slack="0"/>
<pin id="837" dir="0" index="1" bw="32" slack="0"/>
<pin id="838" dir="0" index="2" bw="32" slack="0"/>
<pin id="839" dir="1" index="3" bw="32" slack="1"/>
</pin_list>
<bind>
<opcode="select(49) " fcode="select"/>
<opset="res_j_8/5 "/>
</bind>
</comp>

<comp id="843" class="1004" name="res_j_7_fu_843">
<pin_list>
<pin id="844" dir="0" index="0" bw="1" slack="0"/>
<pin id="845" dir="0" index="1" bw="32" slack="0"/>
<pin id="846" dir="0" index="2" bw="32" slack="0"/>
<pin id="847" dir="1" index="3" bw="32" slack="1"/>
</pin_list>
<bind>
<opcode="select(49) " fcode="select"/>
<opset="res_j_7/5 "/>
</bind>
</comp>

<comp id="851" class="1004" name="xor_ln207_fu_851">
<pin_list>
<pin id="852" dir="0" index="0" bw="1" slack="0"/>
<pin id="853" dir="0" index="1" bw="1" slack="0"/>
<pin id="854" dir="1" index="2" bw="1" slack="0"/>
</pin_list>
<bind>
<opcode="xor(25) " fcode="xor"/>
<opset="xor_ln207/5 "/>
</bind>
</comp>

<comp id="857" class="1004" name="res_j_6_fu_857">
<pin_list>
<pin id="858" dir="0" index="0" bw="1" slack="0"/>
<pin id="859" dir="0" index="1" bw="32" slack="0"/>
<pin id="860" dir="0" index="2" bw="32" slack="0"/>
<pin id="861" dir="1" index="3" bw="32" slack="1"/>
</pin_list>
<bind>
<opcode="select(49) " fcode="select"/>
<opset="res_j_6/5 "/>
</bind>
</comp>

<comp id="865" class="1004" name="res_j_5_fu_865">
<pin_list>
<pin id="866" dir="0" index="0" bw="1" slack="0"/>
<pin id="867" dir="0" index="1" bw="32" slack="0"/>
<pin id="868" dir="0" index="2" bw="32" slack="0"/>
<pin id="869" dir="1" index="3" bw="32" slack="1"/>
</pin_list>
<bind>
<opcode="select(49) " fcode="select"/>
<opset="res_j_5/5 "/>
</bind>
</comp>

<comp id="873" class="1004" name="icmp_ln201_fu_873">
<pin_list>
<pin id="874" dir="0" index="0" bw="32" slack="1"/>
<pin id="875" dir="0" index="1" bw="32" slack="0"/>
<pin id="876" dir="1" index="2" bw="1" slack="0"/>
</pin_list>
<bind>
<opcode="icmp(45) " fcode="icmp"/>
<opset="icmp_ln201/5 "/>
</bind>
</comp>

<comp id="878" class="1004" name="res_j_4_fu_878">
<pin_list>
<pin id="879" dir="0" index="0" bw="1" slack="0"/>
<pin id="880" dir="0" index="1" bw="32" slack="0"/>
<pin id="881" dir="0" index="2" bw="32" slack="0"/>
<pin id="882" dir="1" index="3" bw="32" slack="1"/>
</pin_list>
<bind>
<opcode="select(49) " fcode="select"/>
<opset="res_j_4/5 "/>
</bind>
</comp>

<comp id="886" class="1004" name="icmp_ln198_fu_886">
<pin_list>
<pin id="887" dir="0" index="0" bw="32" slack="1"/>
<pin id="888" dir="0" index="1" bw="32" slack="0"/>
<pin id="889" dir="1" index="2" bw="1" slack="0"/>
</pin_list>
<bind>
<opcode="icmp(45) " fcode="icmp"/>
<opset="icmp_ln198/5 "/>
</bind>
</comp>

<comp id="891" class="1004" name="res_j_3_fu_891">
<pin_list>
<pin id="892" dir="0" index="0" bw="1" slack="0"/>
<pin id="893" dir="0" index="1" bw="32" slack="0"/>
<pin id="894" dir="0" index="2" bw="32" slack="0"/>
<pin id="895" dir="1" index="3" bw="32" slack="1"/>
</pin_list>
<bind>
<opcode="select(49) " fcode="select"/>
<opset="res_j_3/5 "/>
</bind>
</comp>

<comp id="899" class="1004" name="switch_ln180_fu_899">
<pin_list>
<pin id="900" dir="0" index="0" bw="3" slack="2"/>
<pin id="901" dir="0" index="1" bw="1" slack="0"/>
<pin id="902" dir="0" index="2" bw="1" slack="0"/>
<pin id="903" dir="0" index="3" bw="3" slack="0"/>
<pin id="904" dir="1" index="4" bw="0" slack="2147483647"/>
</pin_list>
<bind>
<opcode="switch(3) " fcode="switch"/>
<opset="switch_ln180/5 "/>
</bind>
</comp>

<comp id="908" class="1004" name="icmp_ln155_fu_908">
<pin_list>
<pin id="909" dir="0" index="0" bw="2" slack="0"/>
<pin id="910" dir="0" index="1" bw="1" slack="0"/>
<pin id="911" dir="1" index="2" bw="1" slack="1"/>
</pin_list>
<bind>
<opcode="icmp(45) " fcode="icmp"/>
<opset="icmp_ln155/5 "/>
</bind>
</comp>

<comp id="914" class="1004" name="lshr_ln1_fu_914">
<pin_list>
<pin id="915" dir="0" index="0" bw="10" slack="0"/>
<pin id="916" dir="0" index="1" bw="32" slack="0"/>
<pin id="917" dir="0" index="2" bw="3" slack="0"/>
<pin id="918" dir="0" index="3" bw="5" slack="0"/>
<pin id="919" dir="1" index="4" bw="10" slack="0"/>
</pin_list>
<bind>
<opcode="partselect(1002) " fcode="partselect"/>
<opset="lshr_ln1/5 "/>
</bind>
</comp>

<comp id="924" class="1004" name="zext_ln159_fu_924">
<pin_list>
<pin id="925" dir="0" index="0" bw="10" slack="0"/>
<pin id="926" dir="1" index="1" bw="64" slack="0"/>
</pin_list>
<bind>
<opcode="zext(34) " fcode="zext"/>
<opset="zext_ln159/5 "/>
</bind>
</comp>

<comp id="929" class="1004" name="switch_ln160_fu_929">
<pin_list>
<pin id="930" dir="0" index="0" bw="3" slack="2"/>
<pin id="931" dir="0" index="1" bw="1" slack="0"/>
<pin id="932" dir="0" index="2" bw="1" slack="0"/>
<pin id="933" dir="0" index="3" bw="3" slack="0"/>
<pin id="934" dir="0" index="4" bw="3" slack="0"/>
<pin id="935" dir="0" index="5" bw="3" slack="0"/>
<pin id="936" dir="1" index="6" bw="0" slack="2147483647"/>
</pin_list>
<bind>
<opcode="switch(3) " fcode="switch"/>
<opset="switch_ln160/5 "/>
</bind>
</comp>

<comp id="942" class="1004" name="switch_ln120_fu_942">
<pin_list>
<pin id="943" dir="0" index="0" bw="10" slack="2"/>
<pin id="944" dir="0" index="1" bw="1" slack="0"/>
<pin id="945" dir="0" index="2" bw="10" slack="0"/>
<pin id="946" dir="0" index="3" bw="8" slack="0"/>
<pin id="947" dir="0" index="4" bw="8" slack="0"/>
<pin id="948" dir="0" index="5" bw="8" slack="0"/>
<pin id="949" dir="0" index="6" bw="1" slack="0"/>
<pin id="950" dir="0" index="7" bw="4" slack="0"/>
<pin id="951" dir="0" index="8" bw="10" slack="0"/>
<pin id="952" dir="0" index="9" bw="3" slack="0"/>
<pin id="953" dir="0" index="10" bw="3" slack="0"/>
<pin id="954" dir="1" index="11" bw="0" slack="2147483647"/>
</pin_list>
<bind>
<opcode="switch(3) " fcode="switch"/>
<opset="switch_ln120/5 "/>
</bind>
</comp>

<comp id="965" class="1004" name="zext_ln149_fu_965">
<pin_list>
<pin id="966" dir="0" index="0" bw="1" slack="0"/>
<pin id="967" dir="1" index="1" bw="32" slack="1"/>
</pin_list>
<bind>
<opcode="zext(34) " fcode="zext"/>
<opset="zext_ln149/5 "/>
</bind>
</comp>

<comp id="969" class="1004" name="zext_ln146_fu_969">
<pin_list>
<pin id="970" dir="0" index="0" bw="1" slack="0"/>
<pin id="971" dir="1" index="1" bw="32" slack="1"/>
</pin_list>
<bind>
<opcode="zext(34) " fcode="zext"/>
<opset="zext_ln146/5 "/>
</bind>
</comp>

<comp id="973" class="1004" name="res_10_fu_973">
<pin_list>
<pin id="974" dir="0" index="0" bw="32" slack="1"/>
<pin id="975" dir="0" index="1" bw="32" slack="0"/>
<pin id="976" dir="1" index="2" bw="32" slack="1"/>
</pin_list>
<bind>
<opcode="ashr(22) " fcode="ashr"/>
<opset="res_10/5 "/>
</bind>
</comp>

<comp id="978" class="1004" name="res_9_fu_978">
<pin_list>
<pin id="979" dir="0" index="0" bw="32" slack="1"/>
<pin id="980" dir="0" index="1" bw="32" slack="0"/>
<pin id="981" dir="1" index="2" bw="32" slack="1"/>
</pin_list>
<bind>
<opcode="lshr(21) " fcode="lshr"/>
<opset="res_9/5 "/>
</bind>
</comp>

<comp id="983" class="1004" name="res_8_fu_983">
<pin_list>
<pin id="984" dir="0" index="0" bw="32" slack="1"/>
<pin id="985" dir="0" index="1" bw="32" slack="0"/>
<pin id="986" dir="1" index="2" bw="32" slack="1"/>
</pin_list>
<bind>
<opcode="shl(20) " fcode="shl"/>
<opset="res_8/5 "/>
</bind>
</comp>

<comp id="988" class="1004" name="res_7_fu_988">
<pin_list>
<pin id="989" dir="0" index="0" bw="32" slack="1"/>
<pin id="990" dir="0" index="1" bw="32" slack="0"/>
<pin id="991" dir="1" index="2" bw="32" slack="1"/>
</pin_list>
<bind>
<opcode="and(23) " fcode="and"/>
<opset="res_7/5 "/>
</bind>
</comp>

<comp id="993" class="1004" name="res_6_fu_993">
<pin_list>
<pin id="994" dir="0" index="0" bw="32" slack="1"/>
<pin id="995" dir="0" index="1" bw="32" slack="0"/>
<pin id="996" dir="1" index="2" bw="32" slack="1"/>
</pin_list>
<bind>
<opcode="or(24) " fcode="or"/>
<opset="res_6/5 "/>
</bind>
</comp>

<comp id="998" class="1004" name="res_5_fu_998">
<pin_list>
<pin id="999" dir="0" index="0" bw="32" slack="1"/>
<pin id="1000" dir="0" index="1" bw="32" slack="0"/>
<pin id="1001" dir="1" index="2" bw="32" slack="1"/>
</pin_list>
<bind>
<opcode="xor(25) " fcode="xor"/>
<opset="res_5/5 "/>
</bind>
</comp>

<comp id="1003" class="1004" name="res_4_fu_1003">
<pin_list>
<pin id="1004" dir="0" index="0" bw="32" slack="1"/>
<pin id="1005" dir="0" index="1" bw="32" slack="0"/>
<pin id="1006" dir="1" index="2" bw="32" slack="1"/>
</pin_list>
<bind>
<opcode="sub(10) " fcode="sub"/>
<opset="res_4/5 "/>
</bind>
</comp>

<comp id="1008" class="1004" name="res_3_fu_1008">
<pin_list>
<pin id="1009" dir="0" index="0" bw="32" slack="1"/>
<pin id="1010" dir="0" index="1" bw="32" slack="0"/>
<pin id="1011" dir="1" index="2" bw="32" slack="1"/>
</pin_list>
<bind>
<opcode="add(8) " fcode="add"/>
<opset="res_3/5 "/>
</bind>
</comp>

<comp id="1013" class="1004" name="res_fu_1013">
<pin_list>
<pin id="1014" dir="0" index="0" bw="32" slack="0"/>
<pin id="1015" dir="0" index="1" bw="32" slack="3"/>
<pin id="1016" dir="1" index="2" bw="32" slack="1"/>
</pin_list>
<bind>
<opcode="add(8) " fcode="add"/>
<opset="res/5 "/>
</bind>
</comp>

<comp id="1018" class="1004" name="res_16_fu_1018">
<pin_list>
<pin id="1019" dir="0" index="0" bw="32" slack="0"/>
<pin id="1020" dir="1" index="1" bw="16" slack="0"/>
</pin_list>
<bind>
<opcode="trunc(33) " fcode="trunc"/>
<opset="res_16/6 "/>
</bind>
</comp>

<comp id="1022" class="1004" name="zext_ln171_fu_1022">
<pin_list>
<pin id="1023" dir="0" index="0" bw="16" slack="0"/>
<pin id="1024" dir="1" index="1" bw="32" slack="0"/>
</pin_list>
<bind>
<opcode="zext(34) " fcode="zext"/>
<opset="zext_ln171/6 "/>
</bind>
</comp>

<comp id="1027" class="1004" name="res_15_fu_1027">
<pin_list>
<pin id="1028" dir="0" index="0" bw="32" slack="0"/>
<pin id="1029" dir="1" index="1" bw="8" slack="0"/>
</pin_list>
<bind>
<opcode="trunc(33) " fcode="trunc"/>
<opset="res_15/6 "/>
</bind>
</comp>

<comp id="1031" class="1004" name="zext_ln168_fu_1031">
<pin_list>
<pin id="1032" dir="0" index="0" bw="8" slack="0"/>
<pin id="1033" dir="1" index="1" bw="32" slack="0"/>
</pin_list>
<bind>
<opcode="zext(34) " fcode="zext"/>
<opset="zext_ln168/6 "/>
</bind>
</comp>

<comp id="1036" class="1004" name="res_14_fu_1036">
<pin_list>
<pin id="1037" dir="0" index="0" bw="32" slack="0"/>
<pin id="1038" dir="1" index="1" bw="16" slack="0"/>
</pin_list>
<bind>
<opcode="trunc(33) " fcode="trunc"/>
<opset="res_14/6 "/>
</bind>
</comp>

<comp id="1040" class="1004" name="sext_ln165_fu_1040">
<pin_list>
<pin id="1041" dir="0" index="0" bw="16" slack="0"/>
<pin id="1042" dir="1" index="1" bw="32" slack="0"/>
</pin_list>
<bind>
<opcode="sext(35) " fcode="sext"/>
<opset="sext_ln165/6 "/>
</bind>
</comp>

<comp id="1045" class="1004" name="res_13_fu_1045">
<pin_list>
<pin id="1046" dir="0" index="0" bw="32" slack="0"/>
<pin id="1047" dir="1" index="1" bw="8" slack="0"/>
</pin_list>
<bind>
<opcode="trunc(33) " fcode="trunc"/>
<opset="res_13/6 "/>
</bind>
</comp>

<comp id="1049" class="1004" name="sext_ln162_fu_1049">
<pin_list>
<pin id="1050" dir="0" index="0" bw="8" slack="0"/>
<pin id="1051" dir="1" index="1" bw="32" slack="0"/>
</pin_list>
<bind>
<opcode="sext(35) " fcode="sext"/>
<opset="sext_ln162/6 "/>
</bind>
</comp>

<comp id="1054" class="1004" name="switch_ln243_fu_1054">
<pin_list>
<pin id="1055" dir="0" index="0" bw="7" slack="3"/>
<pin id="1056" dir="0" index="1" bw="7" slack="0"/>
<pin id="1057" dir="0" index="2" bw="6" slack="0"/>
<pin id="1058" dir="1" index="3" bw="0" slack="2147483647"/>
</pin_list>
<bind>
<opcode="switch(3) " fcode="switch"/>
<opset="switch_ln243/6 "/>
</bind>
</comp>

<comp id="1061" class="1004" name="icmp_ln244_fu_1061">
<pin_list>
<pin id="1062" dir="0" index="0" bw="2" slack="1"/>
<pin id="1063" dir="0" index="1" bw="1" slack="0"/>
<pin id="1064" dir="1" index="2" bw="1" slack="2147483647"/>
</pin_list>
<bind>
<opcode="icmp(45) " fcode="icmp"/>
<opset="icmp_ln244/6 "/>
</bind>
</comp>

<comp id="1066" class="1004" name="lshr_ln2_fu_1066">
<pin_list>
<pin id="1067" dir="0" index="0" bw="10" slack="0"/>
<pin id="1068" dir="0" index="1" bw="32" slack="1"/>
<pin id="1069" dir="0" index="2" bw="3" slack="0"/>
<pin id="1070" dir="0" index="3" bw="5" slack="0"/>
<pin id="1071" dir="1" index="4" bw="10" slack="0"/>
</pin_list>
<bind>
<opcode="partselect(1002) " fcode="partselect"/>
<opset="lshr_ln2/6 "/>
</bind>
</comp>

<comp id="1075" class="1004" name="zext_ln248_fu_1075">
<pin_list>
<pin id="1076" dir="0" index="0" bw="10" slack="0"/>
<pin id="1077" dir="1" index="1" bw="64" slack="0"/>
</pin_list>
<bind>
<opcode="zext(34) " fcode="zext"/>
<opset="zext_ln248/6 "/>
</bind>
</comp>

<comp id="1080" class="1004" name="icmp_ln251_fu_1080">
<pin_list>
<pin id="1081" dir="0" index="0" bw="5" slack="3"/>
<pin id="1082" dir="0" index="1" bw="1" slack="0"/>
<pin id="1083" dir="1" index="2" bw="1" slack="2147483647"/>
</pin_list>
<bind>
<opcode="icmp(45) " fcode="icmp"/>
<opset="icmp_ln251/6 "/>
</bind>
</comp>

<comp id="1085" class="1004" name="zext_ln252_fu_1085">
<pin_list>
<pin id="1086" dir="0" index="0" bw="5" slack="3"/>
<pin id="1087" dir="1" index="1" bw="64" slack="0"/>
</pin_list>
<bind>
<opcode="zext(34) " fcode="zext"/>
<opset="zext_ln252/6 "/>
</bind>
</comp>

<comp id="1089" class="1004" name="icmp_ln13_fu_1089">
<pin_list>
<pin id="1090" dir="0" index="0" bw="7" slack="3"/>
<pin id="1091" dir="0" index="1" bw="6" slack="0"/>
<pin id="1092" dir="1" index="2" bw="1" slack="0"/>
</pin_list>
<bind>
<opcode="icmp(45) " fcode="icmp"/>
<opset="icmp_ln13/6 "/>
</bind>
</comp>

<comp id="1094" class="1004" name="icmp_ln13_1_fu_1094">
<pin_list>
<pin id="1095" dir="0" index="0" bw="7" slack="3"/>
<pin id="1096" dir="0" index="1" bw="6" slack="0"/>
<pin id="1097" dir="1" index="2" bw="1" slack="0"/>
</pin_list>
<bind>
<opcode="icmp(45) " fcode="icmp"/>
<opset="icmp_ln13_1/6 "/>
</bind>
</comp>

<comp id="1099" class="1004" name="or_ln13_fu_1099">
<pin_list>
<pin id="1100" dir="0" index="0" bw="1" slack="0"/>
<pin id="1101" dir="0" index="1" bw="1" slack="0"/>
<pin id="1102" dir="1" index="2" bw="1" slack="0"/>
</pin_list>
<bind>
<opcode="or(24) " fcode="or"/>
<opset="or_ln13/6 "/>
</bind>
</comp>

<comp id="1105" class="1004" name="icmp_ln13_2_fu_1105">
<pin_list>
<pin id="1106" dir="0" index="0" bw="7" slack="3"/>
<pin id="1107" dir="0" index="1" bw="6" slack="0"/>
<pin id="1108" dir="1" index="2" bw="1" slack="0"/>
</pin_list>
<bind>
<opcode="icmp(45) " fcode="icmp"/>
<opset="icmp_ln13_2/6 "/>
</bind>
</comp>

<comp id="1110" class="1004" name="or_ln13_1_fu_1110">
<pin_list>
<pin id="1111" dir="0" index="0" bw="1" slack="0"/>
<pin id="1112" dir="0" index="1" bw="1" slack="0"/>
<pin id="1113" dir="1" index="2" bw="1" slack="2147483647"/>
</pin_list>
<bind>
<opcode="or(24) " fcode="or"/>
<opset="or_ln13_1/6 "/>
</bind>
</comp>

<comp id="1116" class="1004" name="store_ln26_store_fu_1116">
<pin_list>
<pin id="1117" dir="0" index="0" bw="32" slack="1"/>
<pin id="1118" dir="0" index="1" bw="32" slack="5"/>
<pin id="1119" dir="1" index="2" bw="0" slack="2147483647"/>
</pin_list>
<bind>
<opcode="store(28) " fcode="store"/>
<opset="store_ln26/6 "/>
</bind>
</comp>

<comp id="1120" class="1004" name="trunc_ln256_fu_1120">
<pin_list>
<pin id="1121" dir="0" index="0" bw="32" slack="4"/>
<pin id="1122" dir="1" index="1" bw="2" slack="0"/>
</pin_list>
<bind>
<opcode="trunc(33) " fcode="trunc"/>
<opset="trunc_ln256/6 "/>
</bind>
</comp>

<comp id="1123" class="1004" name="icmp_ln256_fu_1123">
<pin_list>
<pin id="1124" dir="0" index="0" bw="2" slack="0"/>
<pin id="1125" dir="0" index="1" bw="1" slack="0"/>
<pin id="1126" dir="1" index="2" bw="1" slack="0"/>
</pin_list>
<bind>
<opcode="icmp(45) " fcode="icmp"/>
<opset="icmp_ln256/6 "/>
</bind>
</comp>

<comp id="1129" class="1004" name="select_ln256_fu_1129">
<pin_list>
<pin id="1130" dir="0" index="0" bw="1" slack="0"/>
<pin id="1131" dir="0" index="1" bw="32" slack="4"/>
<pin id="1132" dir="0" index="2" bw="32" slack="0"/>
<pin id="1133" dir="1" index="3" bw="32" slack="0"/>
</pin_list>
<bind>
<opcode="select(49) " fcode="select"/>
<opset="select_ln256/6 "/>
</bind>
</comp>

<comp id="1136" class="1004" name="store_ln26_store_fu_1136">
<pin_list>
<pin id="1137" dir="0" index="0" bw="32" slack="0"/>
<pin id="1138" dir="0" index="1" bw="32" slack="5"/>
<pin id="1139" dir="1" index="2" bw="0" slack="2147483647"/>
</pin_list>
<bind>
<opcode="store(28) " fcode="store"/>
<opset="store_ln26/6 "/>
</bind>
</comp>

<comp id="1141" class="1005" name="pc_reg_1141">
<pin_list>
<pin id="1142" dir="0" index="0" bw="32" slack="0"/>
<pin id="1143" dir="1" index="1" bw="32" slack="0"/>
</pin_list>
<bind>
<opset="pc "/>
</bind>
</comp>

<comp id="1149" class="1005" name="pc_1_reg_1149">
<pin_list>
<pin id="1150" dir="0" index="0" bw="32" slack="3"/>
<pin id="1151" dir="1" index="1" bw="32" slack="3"/>
</pin_list>
<bind>
<opset="pc_1 "/>
</bind>
</comp>

<comp id="1158" class="1005" name="mem_addr_reg_1158">
<pin_list>
<pin id="1159" dir="0" index="0" bw="10" slack="1"/>
<pin id="1160" dir="1" index="1" bw="10" slack="1"/>
</pin_list>
<bind>
<opset="mem_addr "/>
</bind>
</comp>

<comp id="1163" class="1005" name="opcode_reg_1163">
<pin_list>
<pin id="1164" dir="0" index="0" bw="7" slack="1"/>
<pin id="1165" dir="1" index="1" bw="7" slack="2"/>
</pin_list>
<bind>
<opset="opcode "/>
</bind>
</comp>

<comp id="1172" class="1005" name="rd_reg_1172">
<pin_list>
<pin id="1173" dir="0" index="0" bw="5" slack="3"/>
<pin id="1174" dir="1" index="1" bw="5" slack="3"/>
</pin_list>
<bind>
<opset="rd "/>
</bind>
</comp>

<comp id="1178" class="1005" name="func3_reg_1178">
<pin_list>
<pin id="1179" dir="0" index="0" bw="3" slack="2"/>
<pin id="1180" dir="1" index="1" bw="3" slack="2"/>
</pin_list>
<bind>
<opset="func3 "/>
</bind>
</comp>

<comp id="1185" class="1005" name="funcx_reg_1185">
<pin_list>
<pin id="1186" dir="0" index="0" bw="10" slack="2"/>
<pin id="1187" dir="1" index="1" bw="10" slack="2"/>
</pin_list>
<bind>
<opset="funcx "/>
</bind>
</comp>

<comp id="1190" class="1005" name="sext_ln53_reg_1190">
<pin_list>
<pin id="1191" dir="0" index="0" bw="32" slack="1"/>
<pin id="1192" dir="1" index="1" bw="32" slack="1"/>
</pin_list>
<bind>
<opset="sext_ln53 "/>
</bind>
</comp>

<comp id="1195" class="1005" name="sext_ln55_reg_1195">
<pin_list>
<pin id="1196" dir="0" index="0" bw="32" slack="1"/>
<pin id="1197" dir="1" index="1" bw="32" slack="1"/>
</pin_list>
<bind>
<opset="sext_ln55 "/>
</bind>
</comp>

<comp id="1200" class="1005" name="sext_ln57_reg_1200">
<pin_list>
<pin id="1201" dir="0" index="0" bw="32" slack="1"/>
<pin id="1202" dir="1" index="1" bw="32" slack="1"/>
</pin_list>
<bind>
<opset="sext_ln57 "/>
</bind>
</comp>

<comp id="1205" class="1005" name="imm_3_reg_1205">
<pin_list>
<pin id="1206" dir="0" index="0" bw="32" slack="1"/>
<pin id="1207" dir="1" index="1" bw="32" slack="1"/>
</pin_list>
<bind>
<opset="imm_3 "/>
</bind>
</comp>

<comp id="1210" class="1005" name="imm_4_reg_1210">
<pin_list>
<pin id="1211" dir="0" index="0" bw="32" slack="1"/>
<pin id="1212" dir="1" index="1" bw="32" slack="1"/>
</pin_list>
<bind>
<opset="imm_4 "/>
</bind>
</comp>

<comp id="1215" class="1005" name="reg_file_addr_reg_1215">
<pin_list>
<pin id="1216" dir="0" index="0" bw="5" slack="1"/>
<pin id="1217" dir="1" index="1" bw="5" slack="1"/>
</pin_list>
<bind>
<opset="reg_file_addr "/>
</bind>
</comp>

<comp id="1220" class="1005" name="icmp_ln95_reg_1220">
<pin_list>
<pin id="1221" dir="0" index="0" bw="1" slack="1"/>
<pin id="1222" dir="1" index="1" bw="1" slack="2147483647"/>
</pin_list>
<bind>
<opset="icmp_ln95 "/>
</bind>
</comp>

<comp id="1224" class="1005" name="reg_file_addr_1_reg_1224">
<pin_list>
<pin id="1225" dir="0" index="0" bw="5" slack="1"/>
<pin id="1226" dir="1" index="1" bw="5" slack="1"/>
</pin_list>
<bind>
<opset="reg_file_addr_1 "/>
</bind>
</comp>

<comp id="1229" class="1005" name="src1_reg_1229">
<pin_list>
<pin id="1230" dir="0" index="0" bw="32" slack="1"/>
<pin id="1231" dir="1" index="1" bw="32" slack="1"/>
</pin_list>
<bind>
<opset="src1 "/>
</bind>
</comp>

<comp id="1246" class="1005" name="reg_file_load_reg_1246">
<pin_list>
<pin id="1247" dir="0" index="0" bw="32" slack="1"/>
<pin id="1248" dir="1" index="1" bw="32" slack="1"/>
</pin_list>
<bind>
<opset="reg_file_load "/>
</bind>
</comp>

<comp id="1251" class="1005" name="addr_reg_1251">
<pin_list>
<pin id="1252" dir="0" index="0" bw="32" slack="1"/>
<pin id="1253" dir="1" index="1" bw="32" slack="1"/>
</pin_list>
<bind>
<opset="addr "/>
</bind>
</comp>

<comp id="1257" class="1005" name="trunc_ln99_reg_1257">
<pin_list>
<pin id="1258" dir="0" index="0" bw="2" slack="1"/>
<pin id="1259" dir="1" index="1" bw="2" slack="1"/>
</pin_list>
<bind>
<opset="trunc_ln99 "/>
</bind>
</comp>

<comp id="1262" class="1005" name="res_b_reg_1262">
<pin_list>
<pin id="1263" dir="0" index="0" bw="32" slack="1"/>
<pin id="1264" dir="1" index="1" bw="32" slack="1"/>
</pin_list>
<bind>
<opset="res_b "/>
</bind>
</comp>

<comp id="1267" class="1005" name="pc_2_reg_1267">
<pin_list>
<pin id="1268" dir="0" index="0" bw="32" slack="1"/>
<pin id="1269" dir="1" index="1" bw="32" slack="1"/>
</pin_list>
<bind>
<opset="pc_2 "/>
</bind>
</comp>

<comp id="1274" class="1005" name="imm12_reg_1274">
<pin_list>
<pin id="1275" dir="0" index="0" bw="32" slack="1"/>
<pin id="1276" dir="1" index="1" bw="32" slack="1"/>
</pin_list>
<bind>
<opset="imm12 "/>
</bind>
</comp>

<comp id="1279" class="1005" name="res_j_8_reg_1279">
<pin_list>
<pin id="1280" dir="0" index="0" bw="32" slack="1"/>
<pin id="1281" dir="1" index="1" bw="32" slack="1"/>
</pin_list>
<bind>
<opset="res_j_8 "/>
</bind>
</comp>

<comp id="1284" class="1005" name="res_j_7_reg_1284">
<pin_list>
<pin id="1285" dir="0" index="0" bw="32" slack="1"/>
<pin id="1286" dir="1" index="1" bw="32" slack="1"/>
</pin_list>
<bind>
<opset="res_j_7 "/>
</bind>
</comp>

<comp id="1289" class="1005" name="res_j_6_reg_1289">
<pin_list>
<pin id="1290" dir="0" index="0" bw="32" slack="1"/>
<pin id="1291" dir="1" index="1" bw="32" slack="1"/>
</pin_list>
<bind>
<opset="res_j_6 "/>
</bind>
</comp>

<comp id="1294" class="1005" name="res_j_5_reg_1294">
<pin_list>
<pin id="1295" dir="0" index="0" bw="32" slack="1"/>
<pin id="1296" dir="1" index="1" bw="32" slack="1"/>
</pin_list>
<bind>
<opset="res_j_5 "/>
</bind>
</comp>

<comp id="1299" class="1005" name="res_j_4_reg_1299">
<pin_list>
<pin id="1300" dir="0" index="0" bw="32" slack="1"/>
<pin id="1301" dir="1" index="1" bw="32" slack="1"/>
</pin_list>
<bind>
<opset="res_j_4 "/>
</bind>
</comp>

<comp id="1304" class="1005" name="res_j_3_reg_1304">
<pin_list>
<pin id="1305" dir="0" index="0" bw="32" slack="1"/>
<pin id="1306" dir="1" index="1" bw="32" slack="1"/>
</pin_list>
<bind>
<opset="res_j_3 "/>
</bind>
</comp>

<comp id="1309" class="1005" name="icmp_ln155_reg_1309">
<pin_list>
<pin id="1310" dir="0" index="0" bw="1" slack="1"/>
<pin id="1311" dir="1" index="1" bw="1" slack="2147483647"/>
</pin_list>
<bind>
<opset="icmp_ln155 "/>
</bind>
</comp>

<comp id="1313" class="1005" name="mem_addr_1_reg_1313">
<pin_list>
<pin id="1314" dir="0" index="0" bw="10" slack="1"/>
<pin id="1315" dir="1" index="1" bw="10" slack="1"/>
</pin_list>
<bind>
<opset="mem_addr_1 "/>
</bind>
</comp>

<comp id="1318" class="1005" name="zext_ln149_reg_1318">
<pin_list>
<pin id="1319" dir="0" index="0" bw="32" slack="1"/>
<pin id="1320" dir="1" index="1" bw="32" slack="1"/>
</pin_list>
<bind>
<opset="zext_ln149 "/>
</bind>
</comp>

<comp id="1323" class="1005" name="zext_ln146_reg_1323">
<pin_list>
<pin id="1324" dir="0" index="0" bw="32" slack="1"/>
<pin id="1325" dir="1" index="1" bw="32" slack="1"/>
</pin_list>
<bind>
<opset="zext_ln146 "/>
</bind>
</comp>

<comp id="1328" class="1005" name="res_10_reg_1328">
<pin_list>
<pin id="1329" dir="0" index="0" bw="32" slack="1"/>
<pin id="1330" dir="1" index="1" bw="32" slack="1"/>
</pin_list>
<bind>
<opset="res_10 "/>
</bind>
</comp>

<comp id="1333" class="1005" name="res_9_reg_1333">
<pin_list>
<pin id="1334" dir="0" index="0" bw="32" slack="1"/>
<pin id="1335" dir="1" index="1" bw="32" slack="1"/>
</pin_list>
<bind>
<opset="res_9 "/>
</bind>
</comp>

<comp id="1338" class="1005" name="res_8_reg_1338">
<pin_list>
<pin id="1339" dir="0" index="0" bw="32" slack="1"/>
<pin id="1340" dir="1" index="1" bw="32" slack="1"/>
</pin_list>
<bind>
<opset="res_8 "/>
</bind>
</comp>

<comp id="1343" class="1005" name="res_7_reg_1343">
<pin_list>
<pin id="1344" dir="0" index="0" bw="32" slack="1"/>
<pin id="1345" dir="1" index="1" bw="32" slack="1"/>
</pin_list>
<bind>
<opset="res_7 "/>
</bind>
</comp>

<comp id="1348" class="1005" name="res_6_reg_1348">
<pin_list>
<pin id="1349" dir="0" index="0" bw="32" slack="1"/>
<pin id="1350" dir="1" index="1" bw="32" slack="1"/>
</pin_list>
<bind>
<opset="res_6 "/>
</bind>
</comp>

<comp id="1353" class="1005" name="res_5_reg_1353">
<pin_list>
<pin id="1354" dir="0" index="0" bw="32" slack="1"/>
<pin id="1355" dir="1" index="1" bw="32" slack="1"/>
</pin_list>
<bind>
<opset="res_5 "/>
</bind>
</comp>

<comp id="1358" class="1005" name="res_4_reg_1358">
<pin_list>
<pin id="1359" dir="0" index="0" bw="32" slack="1"/>
<pin id="1360" dir="1" index="1" bw="32" slack="1"/>
</pin_list>
<bind>
<opset="res_4 "/>
</bind>
</comp>

<comp id="1363" class="1005" name="res_3_reg_1363">
<pin_list>
<pin id="1364" dir="0" index="0" bw="32" slack="1"/>
<pin id="1365" dir="1" index="1" bw="32" slack="1"/>
</pin_list>
<bind>
<opset="res_3 "/>
</bind>
</comp>

<comp id="1368" class="1005" name="res_reg_1368">
<pin_list>
<pin id="1369" dir="0" index="0" bw="32" slack="1"/>
<pin id="1370" dir="1" index="1" bw="32" slack="1"/>
</pin_list>
<bind>
<opset="res "/>
</bind>
</comp>

</comp_list>

<net_list>
<net id="169"><net_src comp="6" pin="0"/><net_sink comp="166" pin=0"/></net>

<net id="175"><net_src comp="134" pin="0"/><net_sink comp="170" pin=0"/></net>

<net id="176"><net_src comp="4" pin="0"/><net_sink comp="170" pin=1"/></net>

<net id="177"><net_src comp="136" pin="0"/><net_sink comp="170" pin=2"/></net>

<net id="178"><net_src comp="138" pin="0"/><net_sink comp="170" pin=2"/></net>

<net id="179"><net_src comp="140" pin="0"/><net_sink comp="170" pin=2"/></net>

<net id="185"><net_src comp="0" pin="0"/><net_sink comp="180" pin=0"/></net>

<net id="186"><net_src comp="24" pin="0"/><net_sink comp="180" pin=1"/></net>

<net id="192"><net_src comp="180" pin="3"/><net_sink comp="187" pin=0"/></net>

<net id="198"><net_src comp="2" pin="0"/><net_sink comp="193" pin=0"/></net>

<net id="199"><net_src comp="24" pin="0"/><net_sink comp="193" pin=1"/></net>

<net id="209"><net_src comp="193" pin="3"/><net_sink comp="200" pin=2"/></net>

<net id="215"><net_src comp="2" pin="0"/><net_sink comp="210" pin=0"/></net>

<net id="216"><net_src comp="24" pin="0"/><net_sink comp="210" pin=1"/></net>

<net id="217"><net_src comp="210" pin="3"/><net_sink comp="200" pin=0"/></net>

<net id="223"><net_src comp="0" pin="0"/><net_sink comp="218" pin=0"/></net>

<net id="224"><net_src comp="24" pin="0"/><net_sink comp="218" pin=1"/></net>

<net id="225"><net_src comp="218" pin="3"/><net_sink comp="187" pin=0"/></net>

<net id="231"><net_src comp="0" pin="0"/><net_sink comp="226" pin=0"/></net>

<net id="232"><net_src comp="24" pin="0"/><net_sink comp="226" pin=1"/></net>

<net id="233"><net_src comp="226" pin="3"/><net_sink comp="187" pin=0"/></net>

<net id="239"><net_src comp="2" pin="0"/><net_sink comp="234" pin=0"/></net>

<net id="240"><net_src comp="24" pin="0"/><net_sink comp="234" pin=1"/></net>

<net id="241"><net_src comp="234" pin="3"/><net_sink comp="200" pin=0"/></net>

<net id="245"><net_src comp="12" pin="0"/><net_sink comp="242" pin=0"/></net>

<net id="260"><net_src comp="242" pin="1"/><net_sink comp="246" pin=10"/></net>

<net id="261"><net_src comp="246" pin="12"/><net_sink comp="242" pin=0"/></net>

<net id="271"><net_src comp="242" pin="1"/><net_sink comp="265" pin=2"/></net>

<net id="272"><net_src comp="265" pin="4"/><net_sink comp="262" pin=0"/></net>

<net id="276"><net_src comp="12" pin="0"/><net_sink comp="273" pin=0"/></net>

<net id="337"><net_src comp="262" pin="1"/><net_sink comp="277" pin=6"/></net>

<net id="338"><net_src comp="273" pin="1"/><net_sink comp="277" pin=8"/></net>

<net id="339"><net_src comp="273" pin="1"/><net_sink comp="277" pin=10"/></net>

<net id="340"><net_src comp="273" pin="1"/><net_sink comp="277" pin=12"/></net>

<net id="341"><net_src comp="273" pin="1"/><net_sink comp="277" pin=14"/></net>

<net id="342"><net_src comp="273" pin="1"/><net_sink comp="277" pin=16"/></net>

<net id="343"><net_src comp="273" pin="1"/><net_sink comp="277" pin=18"/></net>

<net id="344"><net_src comp="187" pin="3"/><net_sink comp="277" pin=20"/></net>

<net id="345"><net_src comp="273" pin="1"/><net_sink comp="277" pin=52"/></net>

<net id="346"><net_src comp="273" pin="1"/><net_sink comp="277" pin=54"/></net>

<net id="347"><net_src comp="273" pin="1"/><net_sink comp="277" pin=56"/></net>

<net id="348"><net_src comp="277" pin="58"/><net_sink comp="187" pin=1"/></net>

<net id="349"><net_src comp="277" pin="58"/><net_sink comp="200" pin=1"/></net>

<net id="353"><net_src comp="12" pin="0"/><net_sink comp="350" pin=0"/></net>

<net id="414"><net_src comp="350" pin="1"/><net_sink comp="354" pin=0"/></net>

<net id="415"><net_src comp="350" pin="1"/><net_sink comp="354" pin=6"/></net>

<net id="416"><net_src comp="12" pin="0"/><net_sink comp="354" pin=20"/></net>

<net id="417"><net_src comp="12" pin="0"/><net_sink comp="354" pin=22"/></net>

<net id="418"><net_src comp="12" pin="0"/><net_sink comp="354" pin=24"/></net>

<net id="419"><net_src comp="12" pin="0"/><net_sink comp="354" pin=26"/></net>

<net id="420"><net_src comp="12" pin="0"/><net_sink comp="354" pin=28"/></net>

<net id="421"><net_src comp="350" pin="1"/><net_sink comp="354" pin=30"/></net>

<net id="422"><net_src comp="350" pin="1"/><net_sink comp="354" pin=32"/></net>

<net id="423"><net_src comp="12" pin="0"/><net_sink comp="354" pin=34"/></net>

<net id="424"><net_src comp="12" pin="0"/><net_sink comp="354" pin=36"/></net>

<net id="425"><net_src comp="12" pin="0"/><net_sink comp="354" pin=38"/></net>

<net id="426"><net_src comp="350" pin="1"/><net_sink comp="354" pin=40"/></net>

<net id="427"><net_src comp="350" pin="1"/><net_sink comp="354" pin=42"/></net>

<net id="428"><net_src comp="350" pin="1"/><net_sink comp="354" pin=44"/></net>

<net id="429"><net_src comp="350" pin="1"/><net_sink comp="354" pin=46"/></net>

<net id="430"><net_src comp="350" pin="1"/><net_sink comp="354" pin=48"/></net>

<net id="431"><net_src comp="350" pin="1"/><net_sink comp="354" pin=50"/></net>

<net id="432"><net_src comp="350" pin="1"/><net_sink comp="354" pin=52"/></net>

<net id="433"><net_src comp="350" pin="1"/><net_sink comp="354" pin=54"/></net>

<net id="434"><net_src comp="350" pin="1"/><net_sink comp="354" pin=56"/></net>

<net id="439"><net_src comp="265" pin="4"/><net_sink comp="435" pin=1"/></net>

<net id="444"><net_src comp="265" pin="4"/><net_sink comp="440" pin=1"/></net>

<net id="449"><net_src comp="12" pin="0"/><net_sink comp="445" pin=0"/></net>

<net id="459"><net_src comp="18" pin="0"/><net_sink comp="453" pin=0"/></net>

<net id="460"><net_src comp="450" pin="1"/><net_sink comp="453" pin=1"/></net>

<net id="461"><net_src comp="20" pin="0"/><net_sink comp="453" pin=2"/></net>

<net id="462"><net_src comp="22" pin="0"/><net_sink comp="453" pin=3"/></net>

<net id="466"><net_src comp="453" pin="4"/><net_sink comp="463" pin=0"/></net>

<net id="467"><net_src comp="463" pin="1"/><net_sink comp="180" pin=2"/></net>

<net id="471"><net_src comp="187" pin="3"/><net_sink comp="468" pin=0"/></net>

<net id="477"><net_src comp="32" pin="0"/><net_sink comp="472" pin=0"/></net>

<net id="478"><net_src comp="187" pin="3"/><net_sink comp="472" pin=1"/></net>

<net id="479"><net_src comp="34" pin="0"/><net_sink comp="472" pin=2"/></net>

<net id="485"><net_src comp="32" pin="0"/><net_sink comp="480" pin=0"/></net>

<net id="486"><net_src comp="187" pin="3"/><net_sink comp="480" pin=1"/></net>

<net id="487"><net_src comp="36" pin="0"/><net_sink comp="480" pin=2"/></net>

<net id="493"><net_src comp="32" pin="0"/><net_sink comp="488" pin=0"/></net>

<net id="494"><net_src comp="187" pin="3"/><net_sink comp="488" pin=1"/></net>

<net id="495"><net_src comp="38" pin="0"/><net_sink comp="488" pin=2"/></net>

<net id="501"><net_src comp="40" pin="0"/><net_sink comp="496" pin=0"/></net>

<net id="502"><net_src comp="187" pin="3"/><net_sink comp="496" pin=1"/></net>

<net id="503"><net_src comp="42" pin="0"/><net_sink comp="496" pin=2"/></net>

<net id="509"><net_src comp="44" pin="0"/><net_sink comp="504" pin=0"/></net>

<net id="510"><net_src comp="187" pin="3"/><net_sink comp="504" pin=1"/></net>

<net id="511"><net_src comp="46" pin="0"/><net_sink comp="504" pin=2"/></net>

<net id="516"><net_src comp="468" pin="1"/><net_sink comp="512" pin=0"/></net>

<net id="517"><net_src comp="48" pin="0"/><net_sink comp="512" pin=1"/></net>

<net id="523"><net_src comp="512" pin="2"/><net_sink comp="518" pin=0"/></net>

<net id="524"><net_src comp="504" pin="3"/><net_sink comp="518" pin=1"/></net>

<net id="525"><net_src comp="50" pin="0"/><net_sink comp="518" pin=2"/></net>

<net id="531"><net_src comp="52" pin="0"/><net_sink comp="526" pin=0"/></net>

<net id="532"><net_src comp="518" pin="3"/><net_sink comp="526" pin=1"/></net>

<net id="533"><net_src comp="496" pin="3"/><net_sink comp="526" pin=2"/></net>

<net id="540"><net_src comp="54" pin="0"/><net_sink comp="534" pin=0"/></net>

<net id="541"><net_src comp="187" pin="3"/><net_sink comp="534" pin=1"/></net>

<net id="542"><net_src comp="38" pin="0"/><net_sink comp="534" pin=2"/></net>

<net id="543"><net_src comp="56" pin="0"/><net_sink comp="534" pin=3"/></net>

<net id="547"><net_src comp="534" pin="4"/><net_sink comp="544" pin=0"/></net>

<net id="553"><net_src comp="58" pin="0"/><net_sink comp="548" pin=0"/></net>

<net id="554"><net_src comp="187" pin="3"/><net_sink comp="548" pin=1"/></net>

<net id="555"><net_src comp="34" pin="0"/><net_sink comp="548" pin=2"/></net>

<net id="561"><net_src comp="60" pin="0"/><net_sink comp="556" pin=0"/></net>

<net id="562"><net_src comp="187" pin="3"/><net_sink comp="556" pin=1"/></net>

<net id="563"><net_src comp="62" pin="0"/><net_sink comp="556" pin=2"/></net>

<net id="570"><net_src comp="64" pin="0"/><net_sink comp="564" pin=0"/></net>

<net id="571"><net_src comp="187" pin="3"/><net_sink comp="564" pin=1"/></net>

<net id="572"><net_src comp="46" pin="0"/><net_sink comp="564" pin=2"/></net>

<net id="573"><net_src comp="56" pin="0"/><net_sink comp="564" pin=3"/></net>

<net id="580"><net_src comp="66" pin="0"/><net_sink comp="574" pin=0"/></net>

<net id="581"><net_src comp="187" pin="3"/><net_sink comp="574" pin=1"/></net>

<net id="582"><net_src comp="34" pin="0"/><net_sink comp="574" pin=2"/></net>

<net id="583"><net_src comp="22" pin="0"/><net_sink comp="574" pin=3"/></net>

<net id="589"><net_src comp="68" pin="0"/><net_sink comp="584" pin=0"/></net>

<net id="590"><net_src comp="564" pin="4"/><net_sink comp="584" pin=1"/></net>

<net id="591"><net_src comp="574" pin="4"/><net_sink comp="584" pin=2"/></net>

<net id="595"><net_src comp="584" pin="3"/><net_sink comp="592" pin=0"/></net>

<net id="602"><net_src comp="70" pin="0"/><net_sink comp="596" pin=0"/></net>

<net id="603"><net_src comp="187" pin="3"/><net_sink comp="596" pin=1"/></net>

<net id="604"><net_src comp="46" pin="0"/><net_sink comp="596" pin=2"/></net>

<net id="605"><net_src comp="72" pin="0"/><net_sink comp="596" pin=3"/></net>

<net id="611"><net_src comp="58" pin="0"/><net_sink comp="606" pin=0"/></net>

<net id="612"><net_src comp="187" pin="3"/><net_sink comp="606" pin=1"/></net>

<net id="613"><net_src comp="56" pin="0"/><net_sink comp="606" pin=2"/></net>

<net id="622"><net_src comp="74" pin="0"/><net_sink comp="614" pin=0"/></net>

<net id="623"><net_src comp="606" pin="3"/><net_sink comp="614" pin=1"/></net>

<net id="624"><net_src comp="548" pin="3"/><net_sink comp="614" pin=2"/></net>

<net id="625"><net_src comp="596" pin="4"/><net_sink comp="614" pin=3"/></net>

<net id="626"><net_src comp="556" pin="3"/><net_sink comp="614" pin=4"/></net>

<net id="627"><net_src comp="76" pin="0"/><net_sink comp="614" pin=5"/></net>

<net id="631"><net_src comp="614" pin="6"/><net_sink comp="628" pin=0"/></net>

<net id="637"><net_src comp="78" pin="0"/><net_sink comp="632" pin=0"/></net>

<net id="638"><net_src comp="187" pin="3"/><net_sink comp="632" pin=1"/></net>

<net id="639"><net_src comp="80" pin="0"/><net_sink comp="632" pin=2"/></net>

<net id="645"><net_src comp="58" pin="0"/><net_sink comp="640" pin=0"/></net>

<net id="646"><net_src comp="187" pin="3"/><net_sink comp="640" pin=1"/></net>

<net id="647"><net_src comp="38" pin="0"/><net_sink comp="640" pin=2"/></net>

<net id="653"><net_src comp="82" pin="0"/><net_sink comp="648" pin=0"/></net>

<net id="654"><net_src comp="187" pin="3"/><net_sink comp="648" pin=1"/></net>

<net id="655"><net_src comp="42" pin="0"/><net_sink comp="648" pin=2"/></net>

<net id="675"><net_src comp="84" pin="0"/><net_sink comp="656" pin=0"/></net>

<net id="676"><net_src comp="606" pin="3"/><net_sink comp="656" pin=1"/></net>

<net id="677"><net_src comp="606" pin="3"/><net_sink comp="656" pin=2"/></net>

<net id="678"><net_src comp="606" pin="3"/><net_sink comp="656" pin=3"/></net>

<net id="679"><net_src comp="606" pin="3"/><net_sink comp="656" pin=4"/></net>

<net id="680"><net_src comp="606" pin="3"/><net_sink comp="656" pin=5"/></net>

<net id="681"><net_src comp="606" pin="3"/><net_sink comp="656" pin=6"/></net>

<net id="682"><net_src comp="606" pin="3"/><net_sink comp="656" pin=7"/></net>

<net id="683"><net_src comp="606" pin="3"/><net_sink comp="656" pin=8"/></net>

<net id="684"><net_src comp="606" pin="3"/><net_sink comp="656" pin=9"/></net>

<net id="685"><net_src comp="606" pin="3"/><net_sink comp="656" pin=10"/></net>

<net id="686"><net_src comp="606" pin="3"/><net_sink comp="656" pin=11"/></net>

<net id="687"><net_src comp="606" pin="3"/><net_sink comp="656" pin=12"/></net>

<net id="688"><net_src comp="648" pin="3"/><net_sink comp="656" pin=13"/></net>

<net id="689"><net_src comp="640" pin="3"/><net_sink comp="656" pin=14"/></net>

<net id="690"><net_src comp="632" pin="3"/><net_sink comp="656" pin=15"/></net>

<net id="691"><net_src comp="76" pin="0"/><net_sink comp="656" pin=16"/></net>

<net id="697"><net_src comp="86" pin="0"/><net_sink comp="692" pin=0"/></net>

<net id="698"><net_src comp="187" pin="3"/><net_sink comp="692" pin=1"/></net>

<net id="699"><net_src comp="42" pin="0"/><net_sink comp="692" pin=2"/></net>

<net id="705"><net_src comp="88" pin="0"/><net_sink comp="700" pin=0"/></net>

<net id="706"><net_src comp="692" pin="3"/><net_sink comp="700" pin=1"/></net>

<net id="707"><net_src comp="90" pin="0"/><net_sink comp="700" pin=2"/></net>

<net id="719"><net_src comp="468" pin="1"/><net_sink comp="708" pin=0"/></net>

<net id="720"><net_src comp="92" pin="0"/><net_sink comp="708" pin=1"/></net>

<net id="721"><net_src comp="94" pin="0"/><net_sink comp="708" pin=2"/></net>

<net id="722"><net_src comp="96" pin="0"/><net_sink comp="708" pin=3"/></net>

<net id="723"><net_src comp="98" pin="0"/><net_sink comp="708" pin=4"/></net>

<net id="724"><net_src comp="100" pin="0"/><net_sink comp="708" pin=5"/></net>

<net id="725"><net_src comp="102" pin="0"/><net_sink comp="708" pin=6"/></net>

<net id="726"><net_src comp="104" pin="0"/><net_sink comp="708" pin=7"/></net>

<net id="727"><net_src comp="106" pin="0"/><net_sink comp="708" pin=8"/></net>

<net id="731"><net_src comp="480" pin="3"/><net_sink comp="728" pin=0"/></net>

<net id="732"><net_src comp="728" pin="1"/><net_sink comp="193" pin=2"/></net>

<net id="739"><net_src comp="108" pin="0"/><net_sink comp="733" pin=0"/></net>

<net id="740"><net_src comp="187" pin="3"/><net_sink comp="733" pin=1"/></net>

<net id="741"><net_src comp="110" pin="0"/><net_sink comp="733" pin=2"/></net>

<net id="742"><net_src comp="112" pin="0"/><net_sink comp="733" pin=3"/></net>

<net id="746"><net_src comp="187" pin="3"/><net_sink comp="743" pin=0"/></net>

<net id="753"><net_src comp="114" pin="0"/><net_sink comp="747" pin=0"/></net>

<net id="754"><net_src comp="733" pin="4"/><net_sink comp="747" pin=1"/></net>

<net id="755"><net_src comp="116" pin="0"/><net_sink comp="747" pin=2"/></net>

<net id="756"><net_src comp="743" pin="1"/><net_sink comp="747" pin=3"/></net>

<net id="761"><net_src comp="747" pin="4"/><net_sink comp="757" pin=0"/></net>

<net id="762"><net_src comp="48" pin="0"/><net_sink comp="757" pin=1"/></net>

<net id="766"><net_src comp="488" pin="3"/><net_sink comp="763" pin=0"/></net>

<net id="767"><net_src comp="763" pin="1"/><net_sink comp="210" pin=2"/></net>

<net id="772"><net_src comp="242" pin="1"/><net_sink comp="768" pin=1"/></net>

<net id="776"><net_src comp="768" pin="2"/><net_sink comp="773" pin=0"/></net>

<net id="781"><net_src comp="242" pin="1"/><net_sink comp="777" pin=0"/></net>

<net id="786"><net_src comp="118" pin="0"/><net_sink comp="782" pin=1"/></net>

<net id="791"><net_src comp="242" pin="1"/><net_sink comp="787" pin=0"/></net>

<net id="792"><net_src comp="42" pin="0"/><net_sink comp="787" pin=1"/></net>

<net id="805"><net_src comp="106" pin="0"/><net_sink comp="793" pin=1"/></net>

<net id="806"><net_src comp="48" pin="0"/><net_sink comp="793" pin=2"/></net>

<net id="807"><net_src comp="92" pin="0"/><net_sink comp="793" pin=3"/></net>

<net id="808"><net_src comp="94" pin="0"/><net_sink comp="793" pin=4"/></net>

<net id="809"><net_src comp="98" pin="0"/><net_sink comp="793" pin=5"/></net>

<net id="810"><net_src comp="100" pin="0"/><net_sink comp="793" pin=6"/></net>

<net id="811"><net_src comp="102" pin="0"/><net_sink comp="793" pin=7"/></net>

<net id="812"><net_src comp="96" pin="0"/><net_sink comp="793" pin=8"/></net>

<net id="813"><net_src comp="104" pin="0"/><net_sink comp="793" pin=9"/></net>

<net id="823"><net_src comp="120" pin="0"/><net_sink comp="814" pin=1"/></net>

<net id="824"><net_src comp="122" pin="0"/><net_sink comp="814" pin=2"/></net>

<net id="825"><net_src comp="124" pin="0"/><net_sink comp="814" pin=3"/></net>

<net id="826"><net_src comp="126" pin="0"/><net_sink comp="814" pin=4"/></net>

<net id="827"><net_src comp="128" pin="0"/><net_sink comp="814" pin=5"/></net>

<net id="828"><net_src comp="130" pin="0"/><net_sink comp="814" pin=6"/></net>

<net id="833"><net_src comp="435" pin="2"/><net_sink comp="829" pin=0"/></net>

<net id="834"><net_src comp="116" pin="0"/><net_sink comp="829" pin=1"/></net>

<net id="840"><net_src comp="829" pin="2"/><net_sink comp="835" pin=0"/></net>

<net id="841"><net_src comp="777" pin="2"/><net_sink comp="835" pin=1"/></net>

<net id="842"><net_src comp="782" pin="2"/><net_sink comp="835" pin=2"/></net>

<net id="848"><net_src comp="435" pin="2"/><net_sink comp="843" pin=0"/></net>

<net id="849"><net_src comp="777" pin="2"/><net_sink comp="843" pin=1"/></net>

<net id="850"><net_src comp="782" pin="2"/><net_sink comp="843" pin=2"/></net>

<net id="855"><net_src comp="440" pin="2"/><net_sink comp="851" pin=0"/></net>

<net id="856"><net_src comp="116" pin="0"/><net_sink comp="851" pin=1"/></net>

<net id="862"><net_src comp="851" pin="2"/><net_sink comp="857" pin=0"/></net>

<net id="863"><net_src comp="777" pin="2"/><net_sink comp="857" pin=1"/></net>

<net id="864"><net_src comp="782" pin="2"/><net_sink comp="857" pin=2"/></net>

<net id="870"><net_src comp="440" pin="2"/><net_sink comp="865" pin=0"/></net>

<net id="871"><net_src comp="777" pin="2"/><net_sink comp="865" pin=1"/></net>

<net id="872"><net_src comp="782" pin="2"/><net_sink comp="865" pin=2"/></net>

<net id="877"><net_src comp="265" pin="4"/><net_sink comp="873" pin=1"/></net>

<net id="883"><net_src comp="873" pin="2"/><net_sink comp="878" pin=0"/></net>

<net id="884"><net_src comp="777" pin="2"/><net_sink comp="878" pin=1"/></net>

<net id="885"><net_src comp="782" pin="2"/><net_sink comp="878" pin=2"/></net>

<net id="890"><net_src comp="265" pin="4"/><net_sink comp="886" pin=1"/></net>

<net id="896"><net_src comp="886" pin="2"/><net_sink comp="891" pin=0"/></net>

<net id="897"><net_src comp="777" pin="2"/><net_sink comp="891" pin=1"/></net>

<net id="898"><net_src comp="782" pin="2"/><net_sink comp="891" pin=2"/></net>

<net id="905"><net_src comp="120" pin="0"/><net_sink comp="899" pin=1"/></net>

<net id="906"><net_src comp="122" pin="0"/><net_sink comp="899" pin=2"/></net>

<net id="907"><net_src comp="132" pin="0"/><net_sink comp="899" pin=3"/></net>

<net id="912"><net_src comp="773" pin="1"/><net_sink comp="908" pin=0"/></net>

<net id="913"><net_src comp="142" pin="0"/><net_sink comp="908" pin=1"/></net>

<net id="920"><net_src comp="18" pin="0"/><net_sink comp="914" pin=0"/></net>

<net id="921"><net_src comp="768" pin="2"/><net_sink comp="914" pin=1"/></net>

<net id="922"><net_src comp="20" pin="0"/><net_sink comp="914" pin=2"/></net>

<net id="923"><net_src comp="22" pin="0"/><net_sink comp="914" pin=3"/></net>

<net id="927"><net_src comp="914" pin="4"/><net_sink comp="924" pin=0"/></net>

<net id="928"><net_src comp="924" pin="1"/><net_sink comp="218" pin=2"/></net>

<net id="937"><net_src comp="120" pin="0"/><net_sink comp="929" pin=1"/></net>

<net id="938"><net_src comp="122" pin="0"/><net_sink comp="929" pin=2"/></net>

<net id="939"><net_src comp="124" pin="0"/><net_sink comp="929" pin=3"/></net>

<net id="940"><net_src comp="126" pin="0"/><net_sink comp="929" pin=4"/></net>

<net id="941"><net_src comp="132" pin="0"/><net_sink comp="929" pin=5"/></net>

<net id="955"><net_src comp="144" pin="0"/><net_sink comp="942" pin=1"/></net>

<net id="956"><net_src comp="146" pin="0"/><net_sink comp="942" pin=2"/></net>

<net id="957"><net_src comp="148" pin="0"/><net_sink comp="942" pin=3"/></net>

<net id="958"><net_src comp="150" pin="0"/><net_sink comp="942" pin=4"/></net>

<net id="959"><net_src comp="152" pin="0"/><net_sink comp="942" pin=5"/></net>

<net id="960"><net_src comp="154" pin="0"/><net_sink comp="942" pin=6"/></net>

<net id="961"><net_src comp="156" pin="0"/><net_sink comp="942" pin=7"/></net>

<net id="962"><net_src comp="158" pin="0"/><net_sink comp="942" pin=8"/></net>

<net id="963"><net_src comp="160" pin="0"/><net_sink comp="942" pin=9"/></net>

<net id="964"><net_src comp="162" pin="0"/><net_sink comp="942" pin=10"/></net>

<net id="968"><net_src comp="435" pin="2"/><net_sink comp="965" pin=0"/></net>

<net id="972"><net_src comp="440" pin="2"/><net_sink comp="969" pin=0"/></net>

<net id="977"><net_src comp="265" pin="4"/><net_sink comp="973" pin=1"/></net>

<net id="982"><net_src comp="265" pin="4"/><net_sink comp="978" pin=1"/></net>

<net id="987"><net_src comp="265" pin="4"/><net_sink comp="983" pin=1"/></net>

<net id="992"><net_src comp="265" pin="4"/><net_sink comp="988" pin=1"/></net>

<net id="997"><net_src comp="265" pin="4"/><net_sink comp="993" pin=1"/></net>

<net id="1002"><net_src comp="265" pin="4"/><net_sink comp="998" pin=1"/></net>

<net id="1007"><net_src comp="265" pin="4"/><net_sink comp="1003" pin=1"/></net>

<net id="1012"><net_src comp="265" pin="4"/><net_sink comp="1008" pin=1"/></net>

<net id="1017"><net_src comp="787" pin="2"/><net_sink comp="1013" pin=0"/></net>

<net id="1021"><net_src comp="187" pin="3"/><net_sink comp="1018" pin=0"/></net>

<net id="1025"><net_src comp="1018" pin="1"/><net_sink comp="1022" pin=0"/></net>

<net id="1026"><net_src comp="1022" pin="1"/><net_sink comp="277" pin=22"/></net>

<net id="1030"><net_src comp="187" pin="3"/><net_sink comp="1027" pin=0"/></net>

<net id="1034"><net_src comp="1027" pin="1"/><net_sink comp="1031" pin=0"/></net>

<net id="1035"><net_src comp="1031" pin="1"/><net_sink comp="277" pin=24"/></net>

<net id="1039"><net_src comp="187" pin="3"/><net_sink comp="1036" pin=0"/></net>

<net id="1043"><net_src comp="1036" pin="1"/><net_sink comp="1040" pin=0"/></net>

<net id="1044"><net_src comp="1040" pin="1"/><net_sink comp="277" pin=26"/></net>

<net id="1048"><net_src comp="187" pin="3"/><net_sink comp="1045" pin=0"/></net>

<net id="1052"><net_src comp="1045" pin="1"/><net_sink comp="1049" pin=0"/></net>

<net id="1053"><net_src comp="1049" pin="1"/><net_sink comp="277" pin=28"/></net>

<net id="1059"><net_src comp="98" pin="0"/><net_sink comp="1054" pin=1"/></net>

<net id="1060"><net_src comp="100" pin="0"/><net_sink comp="1054" pin=2"/></net>

<net id="1065"><net_src comp="142" pin="0"/><net_sink comp="1061" pin=1"/></net>

<net id="1072"><net_src comp="18" pin="0"/><net_sink comp="1066" pin=0"/></net>

<net id="1073"><net_src comp="20" pin="0"/><net_sink comp="1066" pin=2"/></net>

<net id="1074"><net_src comp="22" pin="0"/><net_sink comp="1066" pin=3"/></net>

<net id="1078"><net_src comp="1066" pin="4"/><net_sink comp="1075" pin=0"/></net>

<net id="1079"><net_src comp="1075" pin="1"/><net_sink comp="226" pin=2"/></net>

<net id="1084"><net_src comp="164" pin="0"/><net_sink comp="1080" pin=1"/></net>

<net id="1088"><net_src comp="1085" pin="1"/><net_sink comp="234" pin=2"/></net>

<net id="1093"><net_src comp="102" pin="0"/><net_sink comp="1089" pin=1"/></net>

<net id="1098"><net_src comp="96" pin="0"/><net_sink comp="1094" pin=1"/></net>

<net id="1103"><net_src comp="1094" pin="2"/><net_sink comp="1099" pin=0"/></net>

<net id="1104"><net_src comp="1089" pin="2"/><net_sink comp="1099" pin=1"/></net>

<net id="1109"><net_src comp="100" pin="0"/><net_sink comp="1105" pin=1"/></net>

<net id="1114"><net_src comp="1105" pin="2"/><net_sink comp="1110" pin=0"/></net>

<net id="1115"><net_src comp="1099" pin="2"/><net_sink comp="1110" pin=1"/></net>

<net id="1127"><net_src comp="1120" pin="1"/><net_sink comp="1123" pin=0"/></net>

<net id="1128"><net_src comp="142" pin="0"/><net_sink comp="1123" pin=1"/></net>

<net id="1134"><net_src comp="1123" pin="2"/><net_sink comp="1129" pin=0"/></net>

<net id="1135"><net_src comp="354" pin="58"/><net_sink comp="1129" pin=2"/></net>

<net id="1140"><net_src comp="1129" pin="3"/><net_sink comp="1136" pin=0"/></net>

<net id="1144"><net_src comp="166" pin="1"/><net_sink comp="1141" pin=0"/></net>

<net id="1145"><net_src comp="1141" pin="1"/><net_sink comp="445" pin=1"/></net>

<net id="1146"><net_src comp="1141" pin="1"/><net_sink comp="450" pin=0"/></net>

<net id="1147"><net_src comp="1141" pin="1"/><net_sink comp="1116" pin=1"/></net>

<net id="1148"><net_src comp="1141" pin="1"/><net_sink comp="1136" pin=1"/></net>

<net id="1152"><net_src comp="450" pin="1"/><net_sink comp="1149" pin=0"/></net>

<net id="1153"><net_src comp="1149" pin="1"/><net_sink comp="777" pin=1"/></net>

<net id="1154"><net_src comp="1149" pin="1"/><net_sink comp="782" pin=0"/></net>

<net id="1155"><net_src comp="1149" pin="1"/><net_sink comp="1013" pin=1"/></net>

<net id="1156"><net_src comp="1149" pin="1"/><net_sink comp="1120" pin=0"/></net>

<net id="1157"><net_src comp="1149" pin="1"/><net_sink comp="1129" pin=1"/></net>

<net id="1161"><net_src comp="180" pin="3"/><net_sink comp="1158" pin=0"/></net>

<net id="1162"><net_src comp="1158" pin="1"/><net_sink comp="187" pin=0"/></net>

<net id="1166"><net_src comp="468" pin="1"/><net_sink comp="1163" pin=0"/></net>

<net id="1167"><net_src comp="1163" pin="1"/><net_sink comp="793" pin=0"/></net>

<net id="1168"><net_src comp="1163" pin="1"/><net_sink comp="1054" pin=0"/></net>

<net id="1169"><net_src comp="1163" pin="1"/><net_sink comp="1089" pin=0"/></net>

<net id="1170"><net_src comp="1163" pin="1"/><net_sink comp="1094" pin=0"/></net>

<net id="1171"><net_src comp="1163" pin="1"/><net_sink comp="1105" pin=0"/></net>

<net id="1175"><net_src comp="472" pin="3"/><net_sink comp="1172" pin=0"/></net>

<net id="1176"><net_src comp="1172" pin="1"/><net_sink comp="1080" pin=0"/></net>

<net id="1177"><net_src comp="1172" pin="1"/><net_sink comp="1085" pin=0"/></net>

<net id="1181"><net_src comp="496" pin="3"/><net_sink comp="1178" pin=0"/></net>

<net id="1182"><net_src comp="1178" pin="1"/><net_sink comp="814" pin=0"/></net>

<net id="1183"><net_src comp="1178" pin="1"/><net_sink comp="899" pin=0"/></net>

<net id="1184"><net_src comp="1178" pin="1"/><net_sink comp="929" pin=0"/></net>

<net id="1188"><net_src comp="526" pin="3"/><net_sink comp="1185" pin=0"/></net>

<net id="1189"><net_src comp="1185" pin="1"/><net_sink comp="942" pin=0"/></net>

<net id="1193"><net_src comp="544" pin="1"/><net_sink comp="1190" pin=0"/></net>

<net id="1194"><net_src comp="1190" pin="1"/><net_sink comp="246" pin=8"/></net>

<net id="1198"><net_src comp="592" pin="1"/><net_sink comp="1195" pin=0"/></net>

<net id="1199"><net_src comp="1195" pin="1"/><net_sink comp="246" pin=6"/></net>

<net id="1203"><net_src comp="628" pin="1"/><net_sink comp="1200" pin=0"/></net>

<net id="1204"><net_src comp="1200" pin="1"/><net_sink comp="246" pin=4"/></net>

<net id="1208"><net_src comp="656" pin="17"/><net_sink comp="1205" pin=0"/></net>

<net id="1209"><net_src comp="1205" pin="1"/><net_sink comp="246" pin=2"/></net>

<net id="1213"><net_src comp="700" pin="3"/><net_sink comp="1210" pin=0"/></net>

<net id="1214"><net_src comp="1210" pin="1"/><net_sink comp="246" pin=0"/></net>

<net id="1218"><net_src comp="193" pin="3"/><net_sink comp="1215" pin=0"/></net>

<net id="1219"><net_src comp="1215" pin="1"/><net_sink comp="200" pin=2"/></net>

<net id="1223"><net_src comp="757" pin="2"/><net_sink comp="1220" pin=0"/></net>

<net id="1227"><net_src comp="210" pin="3"/><net_sink comp="1224" pin=0"/></net>

<net id="1228"><net_src comp="1224" pin="1"/><net_sink comp="200" pin=0"/></net>

<net id="1232"><net_src comp="200" pin="7"/><net_sink comp="1229" pin=0"/></net>

<net id="1233"><net_src comp="1229" pin="1"/><net_sink comp="768" pin=0"/></net>

<net id="1234"><net_src comp="1229" pin="1"/><net_sink comp="435" pin=0"/></net>

<net id="1235"><net_src comp="1229" pin="1"/><net_sink comp="440" pin=0"/></net>

<net id="1236"><net_src comp="1229" pin="1"/><net_sink comp="873" pin=0"/></net>

<net id="1237"><net_src comp="1229" pin="1"/><net_sink comp="886" pin=0"/></net>

<net id="1238"><net_src comp="1229" pin="1"/><net_sink comp="973" pin=0"/></net>

<net id="1239"><net_src comp="1229" pin="1"/><net_sink comp="978" pin=0"/></net>

<net id="1240"><net_src comp="1229" pin="1"/><net_sink comp="983" pin=0"/></net>

<net id="1241"><net_src comp="1229" pin="1"/><net_sink comp="988" pin=0"/></net>

<net id="1242"><net_src comp="1229" pin="1"/><net_sink comp="993" pin=0"/></net>

<net id="1243"><net_src comp="1229" pin="1"/><net_sink comp="998" pin=0"/></net>

<net id="1244"><net_src comp="1229" pin="1"/><net_sink comp="1003" pin=0"/></net>

<net id="1245"><net_src comp="1229" pin="1"/><net_sink comp="1008" pin=0"/></net>

<net id="1249"><net_src comp="200" pin="3"/><net_sink comp="1246" pin=0"/></net>

<net id="1250"><net_src comp="1246" pin="1"/><net_sink comp="265" pin=0"/></net>

<net id="1254"><net_src comp="768" pin="2"/><net_sink comp="1251" pin=0"/></net>

<net id="1255"><net_src comp="1251" pin="1"/><net_sink comp="354" pin=2"/></net>

<net id="1256"><net_src comp="1251" pin="1"/><net_sink comp="1066" pin=1"/></net>

<net id="1260"><net_src comp="773" pin="1"/><net_sink comp="1257" pin=0"/></net>

<net id="1261"><net_src comp="1257" pin="1"/><net_sink comp="1061" pin=0"/></net>

<net id="1265"><net_src comp="777" pin="2"/><net_sink comp="1262" pin=0"/></net>

<net id="1266"><net_src comp="1262" pin="1"/><net_sink comp="354" pin=4"/></net>

<net id="1270"><net_src comp="782" pin="2"/><net_sink comp="1267" pin=0"/></net>

<net id="1271"><net_src comp="1267" pin="1"/><net_sink comp="277" pin=2"/></net>

<net id="1272"><net_src comp="1267" pin="1"/><net_sink comp="277" pin=4"/></net>

<net id="1273"><net_src comp="1267" pin="1"/><net_sink comp="1116" pin=0"/></net>

<net id="1277"><net_src comp="787" pin="2"/><net_sink comp="1274" pin=0"/></net>

<net id="1278"><net_src comp="1274" pin="1"/><net_sink comp="277" pin=50"/></net>

<net id="1282"><net_src comp="835" pin="3"/><net_sink comp="1279" pin=0"/></net>

<net id="1283"><net_src comp="1279" pin="1"/><net_sink comp="354" pin=8"/></net>

<net id="1287"><net_src comp="843" pin="3"/><net_sink comp="1284" pin=0"/></net>

<net id="1288"><net_src comp="1284" pin="1"/><net_sink comp="354" pin=10"/></net>

<net id="1292"><net_src comp="857" pin="3"/><net_sink comp="1289" pin=0"/></net>

<net id="1293"><net_src comp="1289" pin="1"/><net_sink comp="354" pin=12"/></net>

<net id="1297"><net_src comp="865" pin="3"/><net_sink comp="1294" pin=0"/></net>

<net id="1298"><net_src comp="1294" pin="1"/><net_sink comp="354" pin=14"/></net>

<net id="1302"><net_src comp="878" pin="3"/><net_sink comp="1299" pin=0"/></net>

<net id="1303"><net_src comp="1299" pin="1"/><net_sink comp="354" pin=16"/></net>

<net id="1307"><net_src comp="891" pin="3"/><net_sink comp="1304" pin=0"/></net>

<net id="1308"><net_src comp="1304" pin="1"/><net_sink comp="354" pin=18"/></net>

<net id="1312"><net_src comp="908" pin="2"/><net_sink comp="1309" pin=0"/></net>

<net id="1316"><net_src comp="218" pin="3"/><net_sink comp="1313" pin=0"/></net>

<net id="1317"><net_src comp="1313" pin="1"/><net_sink comp="187" pin=0"/></net>

<net id="1321"><net_src comp="965" pin="1"/><net_sink comp="1318" pin=0"/></net>

<net id="1322"><net_src comp="1318" pin="1"/><net_sink comp="277" pin=30"/></net>

<net id="1326"><net_src comp="969" pin="1"/><net_sink comp="1323" pin=0"/></net>

<net id="1327"><net_src comp="1323" pin="1"/><net_sink comp="277" pin=32"/></net>

<net id="1331"><net_src comp="973" pin="2"/><net_sink comp="1328" pin=0"/></net>

<net id="1332"><net_src comp="1328" pin="1"/><net_sink comp="277" pin=34"/></net>

<net id="1336"><net_src comp="978" pin="2"/><net_sink comp="1333" pin=0"/></net>

<net id="1337"><net_src comp="1333" pin="1"/><net_sink comp="277" pin=36"/></net>

<net id="1341"><net_src comp="983" pin="2"/><net_sink comp="1338" pin=0"/></net>

<net id="1342"><net_src comp="1338" pin="1"/><net_sink comp="277" pin=38"/></net>

<net id="1346"><net_src comp="988" pin="2"/><net_sink comp="1343" pin=0"/></net>

<net id="1347"><net_src comp="1343" pin="1"/><net_sink comp="277" pin=40"/></net>

<net id="1351"><net_src comp="993" pin="2"/><net_sink comp="1348" pin=0"/></net>

<net id="1352"><net_src comp="1348" pin="1"/><net_sink comp="277" pin=42"/></net>

<net id="1356"><net_src comp="998" pin="2"/><net_sink comp="1353" pin=0"/></net>

<net id="1357"><net_src comp="1353" pin="1"/><net_sink comp="277" pin=44"/></net>

<net id="1361"><net_src comp="1003" pin="2"/><net_sink comp="1358" pin=0"/></net>

<net id="1362"><net_src comp="1358" pin="1"/><net_sink comp="277" pin=46"/></net>

<net id="1366"><net_src comp="1008" pin="2"/><net_sink comp="1363" pin=0"/></net>

<net id="1367"><net_src comp="1363" pin="1"/><net_sink comp="277" pin=48"/></net>

<net id="1371"><net_src comp="1013" pin="2"/><net_sink comp="1368" pin=0"/></net>

<net id="1372"><net_src comp="1368" pin="1"/><net_sink comp="277" pin=0"/></net>

</net_list>

</model> 
---------------- Datapath Model END ------------------

* FSMD analyzer results:
  - Output states:
	Port: mem | {6 }
	Port: reg_file | {6 }
	Port: pstrb | {5 }
 - Input state : 
	Port: cpu_Pipeline_PROGRAM_LOOP : mem | {2 3 5 6 }
	Port: cpu_Pipeline_PROGRAM_LOOP : reg_file | {3 4 }
  - Chain level:
	State 1
		store_ln26 : 1
	State 2
		lshr_ln : 1
		zext_ln34 : 2
		mem_addr : 3
		insn : 4
	State 3
		opcode : 1
		rd : 1
		rs1 : 1
		rs2 : 1
		func3 : 1
		func7 : 1
		icmp_ln47 : 2
		func7_1 : 3
		funcx : 4
		immI : 1
		sext_ln53 : 2
		tmp : 1
		tmp_1 : 1
		tmp_2 : 1
		tmp_3 : 1
		immS : 2
		sext_ln55 : 3
		tmp_5 : 1
		tmp_4 : 1
		imm_2 : 2
		sext_ln57 : 3
		tmp_s : 1
		tmp_6 : 1
		tmp_9 : 1
		imm_3 : 2
		tmp_7 : 1
		imm_4 : 2
		switch_ln67 : 2
		zext_ln94 : 2
		reg_file_addr : 3
		src1 : 4
		tmp_8 : 1
		trunc_ln95 : 1
		or_ln : 2
		icmp_ln95 : 3
		zext_ln95 : 2
		reg_file_addr_1 : 3
		reg_file_load : 4
	State 4
	State 5
		trunc_ln99 : 1
		icmp_ln213 : 1
		xor_ln213 : 2
		res_j_8 : 2
		icmp_ln210 : 1
		res_j_7 : 2
		icmp_ln207 : 1
		xor_ln207 : 2
		res_j_6 : 2
		icmp_ln204 : 1
		res_j_5 : 2
		icmp_ln201 : 1
		res_j_4 : 2
		icmp_ln198 : 1
		res_j_3 : 2
		icmp_ln155 : 2
		br_ln155 : 3
		lshr_ln1 : 1
		zext_ln159 : 2
		mem_addr_1 : 3
		val : 4
		res_12 : 1
		zext_ln149 : 2
		res_11 : 1
		zext_ln146 : 2
		res_10 : 1
		res_9 : 1
		res_8 : 1
		res_7 : 1
		res_6 : 1
		res_5 : 1
		res_4 : 1
		res_3 : 1
	State 6
		res_16 : 1
		zext_ln171 : 2
		res_15 : 1
		zext_ln168 : 2
		res_14 : 1
		sext_ln165 : 2
		res_13 : 1
		sext_ln162 : 2
		res_2 : 3
		res_j_1 : 1
		br_ln244 : 1
		zext_ln248 : 1
		mem_addr_2 : 2
		store_ln248 : 4
		br_ln251 : 1
		reg_file_addr_2 : 1
		store_ln252 : 4
		or_ln13 : 1
		or_ln13_1 : 1
		br_ln13 : 1
		icmp_ln256 : 1
		select_ln256 : 2
		br_ln256 : 2
		store_ln26 : 3
	State 7
	State 8


============================================================
+ Verbose Summary: Datapath Resource usage 
============================================================

* Functional unit list:
|----------|----------------------|---------|---------|
| Operation|    Functional Unit   |    FF   |   LUT   |
|----------|----------------------|---------|---------|
|          |      grp_fu_435      |    0    |    39   |
|          |      grp_fu_440      |    0    |    39   |
|          |   icmp_ln47_fu_512   |    0    |    14   |
|          |   icmp_ln95_fu_757   |    0    |    14   |
|          |   icmp_ln201_fu_873  |    0    |    39   |
|          |   icmp_ln198_fu_886  |    0    |    39   |
|   icmp   |   icmp_ln155_fu_908  |    0    |    10   |
|          |  icmp_ln244_fu_1061  |    0    |    10   |
|          |  icmp_ln251_fu_1080  |    0    |    13   |
|          |   icmp_ln13_fu_1089  |    0    |    14   |
|          |  icmp_ln13_1_fu_1094 |    0    |    14   |
|          |  icmp_ln13_2_fu_1105 |    0    |    14   |
|          |  icmp_ln256_fu_1123  |    0    |    10   |
|----------|----------------------|---------|---------|
|          |    func7_1_fu_518    |    0    |    7    |
|          |    res_j_8_fu_835    |    0    |    32   |
|          |    res_j_7_fu_843    |    0    |    32   |
|  select  |    res_j_6_fu_857    |    0    |    32   |
|          |    res_j_5_fu_865    |    0    |    32   |
|          |    res_j_4_fu_878    |    0    |    32   |
|          |    res_j_3_fu_891    |    0    |    32   |
|          | select_ln256_fu_1129 |    0    |    32   |
|----------|----------------------|---------|---------|
|          |      addr_fu_768     |    0    |    39   |
|          |     res_b_fu_777     |    0    |    39   |
|    add   |      pc_2_fu_782     |    0    |    39   |
|          |     res_3_fu_1008    |    0    |    39   |
|          |      res_fu_1013     |    0    |    39   |
|----------|----------------------|---------|---------|
|    shl   |     imm12_fu_787     |    0    |    0    |
|          |     res_8_fu_983     |    0    |   100   |
|----------|----------------------|---------|---------|
|   ashr   |     res_10_fu_973    |    0    |   100   |
|----------|----------------------|---------|---------|
|   lshr   |     res_9_fu_978     |    0    |   100   |
|----------|----------------------|---------|---------|
|    sub   |     res_4_fu_1003    |    0    |    39   |
|----------|----------------------|---------|---------|
|          |   xor_ln213_fu_829   |    0    |    2    |
|    xor   |   xor_ln207_fu_851   |    0    |    2    |
|          |     res_5_fu_998     |    0    |    32   |
|----------|----------------------|---------|---------|
|          |     res_6_fu_993     |    0    |    32   |
|    or    |    or_ln13_fu_1099   |    0    |    2    |
|          |   or_ln13_1_fu_1110  |    0    |    2    |
|----------|----------------------|---------|---------|
|    and   |     res_7_fu_988     |    0    |    32   |
|----------|----------------------|---------|---------|
|   write  |   grp_write_fu_170   |    0    |    0    |
|----------|----------------------|---------|---------|
|          |    lshr_ln_fu_453    |    0    |    0    |
|          |       rd_fu_472      |    0    |    0    |
|          |      rs1_fu_480      |    0    |    0    |
|          |      rs2_fu_488      |    0    |    0    |
|          |     func3_fu_496     |    0    |    0    |
|          |     func7_fu_504     |    0    |    0    |
|          |      immI_fu_534     |    0    |    0    |
|          |     tmp_1_fu_556     |    0    |    0    |
|partselect|     tmp_2_fu_564     |    0    |    0    |
|          |     tmp_3_fu_574     |    0    |    0    |
|          |     tmp_5_fu_596     |    0    |    0    |
|          |     tmp_s_fu_632     |    0    |    0    |
|          |     tmp_9_fu_648     |    0    |    0    |
|          |     tmp_7_fu_692     |    0    |    0    |
|          |     tmp_8_fu_733     |    0    |    0    |
|          |    lshr_ln1_fu_914   |    0    |    0    |
|          |   lshr_ln2_fu_1066   |    0    |    0    |
|----------|----------------------|---------|---------|
|          |   zext_ln34_fu_463   |    0    |    0    |
|          |   zext_ln94_fu_728   |    0    |    0    |
|          |   zext_ln95_fu_763   |    0    |    0    |
|          |   zext_ln159_fu_924  |    0    |    0    |
|   zext   |   zext_ln149_fu_965  |    0    |    0    |
|          |   zext_ln146_fu_969  |    0    |    0    |
|          |  zext_ln171_fu_1022  |    0    |    0    |
|          |  zext_ln168_fu_1031  |    0    |    0    |
|          |  zext_ln248_fu_1075  |    0    |    0    |
|          |  zext_ln252_fu_1085  |    0    |    0    |
|----------|----------------------|---------|---------|
|          |     opcode_fu_468    |    0    |    0    |
|          |   trunc_ln95_fu_743  |    0    |    0    |
|          |   trunc_ln99_fu_773  |    0    |    0    |
|   trunc  |    res_16_fu_1018    |    0    |    0    |
|          |    res_15_fu_1027    |    0    |    0    |
|          |    res_14_fu_1036    |    0    |    0    |
|          |    res_13_fu_1045    |    0    |    0    |
|          |  trunc_ln256_fu_1120 |    0    |    0    |
|----------|----------------------|---------|---------|
|          |     funcx_fu_526     |    0    |    0    |
|          |      immS_fu_584     |    0    |    0    |
|bitconcatenate|     imm_2_fu_614     |    0    |    0    |
|          |     imm_3_fu_656     |    0    |    0    |
|          |     imm_4_fu_700     |    0    |    0    |
|          |     or_ln_fu_747     |    0    |    0    |
|----------|----------------------|---------|---------|
|          |   sext_ln53_fu_544   |    0    |    0    |
|          |   sext_ln55_fu_592   |    0    |    0    |
|   sext   |   sext_ln57_fu_628   |    0    |    0    |
|          |  sext_ln165_fu_1040  |    0    |    0    |
|          |  sext_ln162_fu_1049  |    0    |    0    |
|----------|----------------------|---------|---------|
|          |      tmp_fu_548      |    0    |    0    |
| bitselect|     tmp_4_fu_606     |    0    |    0    |
|          |     tmp_6_fu_640     |    0    |    0    |
|----------|----------------------|---------|---------|
|          |  switch_ln67_fu_708  |    0    |    0    |
|          |  switch_ln113_fu_793 |    0    |    0    |
|          |  switch_ln196_fu_814 |    0    |    0    |
|  switch  |  switch_ln180_fu_899 |    0    |    0    |
|          |  switch_ln160_fu_929 |    0    |    0    |
|          |  switch_ln120_fu_942 |    0    |    0    |
|          | switch_ln243_fu_1054 |    0    |    0    |
|----------|----------------------|---------|---------|
|   Total  |                      |    0    |   1138  |
|----------|----------------------|---------|---------|

Memories:
N/A

* Register list:
+------------------------+--------+
|                        |   FF   |
+------------------------+--------+
|      addr_reg_1251     |   32   |
|     func3_reg_1178     |    3   |
|     funcx_reg_1185     |   10   |
|   icmp_ln155_reg_1309  |    1   |
|   icmp_ln95_reg_1220   |    1   |
|     imm12_reg_1274     |   32   |
|     imm_3_reg_1205     |   32   |
|     imm_4_reg_1210     |   32   |
|      imm_5_reg_242     |   32   |
|   mem_addr_1_reg_1313  |   10   |
|    mem_addr_reg_1158   |   10   |
|     opcode_reg_1163    |    7   |
|      pc_1_reg_1149     |   32   |
|      pc_2_reg_1267     |   32   |
|       pc_reg_1141      |   32   |
|       rd_reg_1172      |    5   |
|reg_file_addr_1_reg_1224|    5   |
| reg_file_addr_reg_1215 |    5   |
| reg_file_load_reg_1246 |   32   |
|     res_10_reg_1328    |   32   |
|      res_2_reg_273     |   32   |
|     res_3_reg_1363     |   32   |
|     res_4_reg_1358     |   32   |
|     res_5_reg_1353     |   32   |
|     res_6_reg_1348     |   32   |
|     res_7_reg_1343     |   32   |
|     res_8_reg_1338     |   32   |
|     res_9_reg_1333     |   32   |
|     res_b_reg_1262     |   32   |
|     res_j_1_reg_350    |   32   |
|    res_j_3_reg_1304    |   32   |
|    res_j_4_reg_1299    |   32   |
|    res_j_5_reg_1294    |   32   |
|    res_j_6_reg_1289    |   32   |
|    res_j_7_reg_1284    |   32   |
|    res_j_8_reg_1279    |   32   |
|      res_reg_1368      |   32   |
|   sext_ln53_reg_1190   |   32   |
|   sext_ln55_reg_1195   |   32   |
|   sext_ln57_reg_1200   |   32   |
|      src1_reg_1229     |   32   |
|      src2_reg_262      |   32   |
|   trunc_ln99_reg_1257  |    2   |
|   zext_ln146_reg_1323  |   32   |
|   zext_ln149_reg_1318  |   32   |
+------------------------+--------+
|          Total         |  1147  |
+------------------------+--------+

* Multiplexer (MUX) list: 
|-------------------|------|------|------|--------||---------||---------||---------|
|        Comp       |  Pin | Size |  BW  | S x BW ||  Delay  ||    FF   ||   LUT   |
|-------------------|------|------|------|--------||---------||---------||---------|
|  grp_write_fu_170 |  p2  |   3  |   3  |    9   |
| grp_access_fu_187 |  p0  |   5  |  10  |   50   ||    0    ||    25   |
| grp_access_fu_200 |  p0  |   3  |   5  |   15   ||    0    ||    14   |
| grp_access_fu_200 |  p2  |   2  |   0  |    0   ||    0    ||    9    |
|   imm_5_reg_242   |  p0  |   2  |  32  |   64   ||    0    ||    9    |
|-------------------|------|------|------|--------||---------||---------||---------|
|       Total       |      |      |      |   138  ||  8.5365 ||    0    ||    57   |
|-------------------|------|------|------|--------||---------||---------||---------|



* Summary:
+-----------+--------+--------+--------+
|           |  Delay |   FF   |   LUT  |
+-----------+--------+--------+--------+
|  Function |    -   |    0   |  1138  |
|   Memory  |    -   |    -   |    -   |
|Multiplexer|    8   |    0   |   57   |
|  Register |    -   |  1147  |    -   |
+-----------+--------+--------+--------+
|   Total   |    8   |  1147  |  1195  |
+-----------+--------+--------+--------+
